Thigh,Calf,Hip left motor,Hip right motor,Hip left ratio,Hip right ratio,Gearbox left,Gearbox right,Efficiency left,Efficiency right,Torso distance,ik_height,ori_l,ori_theta,Best X velocity,Average energy,Max height,Max distance,Unique id,Cost,ac1,ac2,ac3
0.297,0.302,U10,U10,6.0,6.0,SSPG,SSPG,0.952,0.952,0.125,0.3737915995838591,0.2709025444334691,-0.0019462203355875562,0.0682948198828231,15.003768900100289,0.3146617343580495,0.0044314654576419555,e5c2a4d0,0.665990601309818,540.4,4.9,31.0
0.297,0.302,U10,U10,6.0,6.0,SSPG,SSPG,0.952,0.952,0.125,0.3737915995838591,0.2709025444334691,-0.0019462203355875562,0.07918996090906548,15.003768900100289,0.3146617343580495,0.0044314654576419555,e5c2a4d0,0.665990601309818,540.4,4.9,31.0
0.297,0.302,U10,U10,6.0,6.0,SSPG,SSPG,0.952,0.952,0.125,0.3737915995838591,0.2709025444334691,-0.0019462203355875562,0.08008286784283006,15.003768900100289,0.3146617343580495,0.0044314654576419555,e5c2a4d0,0.665990601309818,540.4,4.9,31.0
0.297,0.302,U10,U10,6.0,6.0,SSPG,SSPG,0.952,0.952,0.125,0.3737915995838591,0.2709025444334691,-0.0019462203355875562,0.08022874079460572,15.003768900100289,0.3146617343580495,0.0044314654576419555,e5c2a4d0,0.665990601309818,540.4,4.9,31.0
0.297,0.302,U10,U10,6.0,6.0,SSPG,SSPG,0.952,0.952,0.125,0.3737915995838591,0.2709025444334691,-0.0019462203355875562,0.08084430122591224,15.003768900100289,0.3146617343580495,0.0044314654576419555,e5c2a4d0,0.665990601309818,540.4,4.9,31.0
0.297,0.302,U10,U10,6.0,6.0,SSPG,SSPG,0.952,0.952,0.125,0.37424143257081394,0.21499752851451062,0.5739754266331634,8.757580391951745,15.662005532263803,0.22035148340149038,0.5086378130438358,4bceec3a,-8.88101817121969,471.0,5.8,30.7
0.297,0.302,U10,U10,6.0,6.0,SSPG,SSPG,0.952,0.952,0.125,0.37424143257081394,0.21499752851451062,0.5739754266331634,10.788767194466564,15.662005532263803,0.22035148340149038,0.5086378130438358,4bceec3a,-8.88101817121969,471.0,5.8,30.7
0.297,0.302,U10,U10,6.0,6.0,SSPG,SSPG,0.952,0.952,0.125,0.37424143257081394,0.21499752851451062,0.5739754266331634,10.435143531177609,15.662005532263803,0.22035148340149038,0.5086378130438358,4bceec3a,-8.88101817121969,471.0,5.8,30.7
0.297,0.302,U10,U10,6.0,6.0,SSPG,SSPG,0.952,0.952,0.125,0.37424143257081394,0.21499752851451062,0.5739754266331634,10.710661119678953,15.662005532263803,0.22035148340149038,0.5086378130438358,4bceec3a,-8.88101817121969,471.0,5.8,30.7
0.297,0.302,U10,U10,6.0,6.0,SSPG,SSPG,0.952,0.952,0.125,0.37424143257081394,0.21499752851451062,0.5739754266331634,10.624198789869787,15.662005532263803,0.22035148340149038,0.5086378130438358,4bceec3a,-8.88101817121969,471.0,5.8,30.7
0.297,0.302,U10,U10,6.0,6.0,SSPG,SSPG,0.952,0.952,0.125,0.3777278497468555,0.2938925130373341,-0.06313973297978359,2.5098672935831075,14.556193280834044,0.3037242673008092,0.1476268269846042,ef4f30c7,-2.077100048665777,709.3,4.7,37.4
0.297,0.302,U10,U10,6.0,6.0,SSPG,SSPG,0.952,0.952,0.125,0.3777278497468555,0.2938925130373341,-0.06313973297978359,2.8874153789029045,14.556193280834044,0.3037242673008092,0.1476268269846042,ef4f30c7,-2.077100048665777,709.3,4.7,37.4
0.297,0.302,U10,U10,6.0,6.0,SSPG,SSPG,0.952,0.952,0.125,0.3777278497468555,0.2938925130373341,-0.06313973297978359,2.829789001192043,14.556193280834044,0.3037242673008092,0.1476268269846042,ef4f30c7,-2.077100048665777,709.3,4.7,37.4
0.297,0.302,U10,U10,6.0,6.0,SSPG,SSPG,0.952,0.952,0.125,0.3777278497468555,0.2938925130373341,-0.06313973297978359,2.8064587067494293,14.556193280834044,0.3037242673008092,0.1476268269846042,ef4f30c7,-2.077100048665777,709.3,4.7,37.4
0.297,0.302,U10,U10,6.0,6.0,SSPG,SSPG,0.952,0.952,0.125,0.3777278497468555,0.2938925130373341,-0.06313973297978359,2.760453443162229,14.556193280834044,0.3037242673008092,0.1476268269846042,ef4f30c7,-2.077100048665777,709.3,4.7,37.4
0.297,0.302,U10,U10,6.0,6.0,SSPG,SSPG,0.952,0.952,0.125,0.3637262798661197,0.2725421784540682,0.06312840433493916,2.227883116964076,14.973627776454459,0.31552270951306755,0.12963066552373143,dfc0879a,-1.7143012561281732,643.7,5.4,30.4
0.297,0.302,U10,U10,6.0,6.0,SSPG,SSPG,0.952,0.952,0.125,0.3637262798661197,0.2725421784540682,0.06312840433493916,2.4207836070580666,14.973627776454459,0.31552270951306755,0.12963066552373143,dfc0879a,-1.7143012561281732,643.7,5.4,30.4
0.297,0.302,U10,U10,6.0,6.0,SSPG,SSPG,0.952,0.952,0.125,0.3637262798661197,0.2725421784540682,0.06312840433493916,2.3248105549971516,14.973627776454459,0.31552270951306755,0.12963066552373143,dfc0879a,-1.7143012561281732,643.7,5.4,30.4
0.297,0.302,U10,U10,6.0,6.0,SSPG,SSPG,0.952,0.952,0.125,0.3637262798661197,0.2725421784540682,0.06312840433493916,2.3517191785743274,14.973627776454459,0.31552270951306755,0.12963066552373143,dfc0879a,-1.7143012561281732,643.7,5.4,30.4
0.297,0.302,U10,U10,6.0,6.0,SSPG,SSPG,0.952,0.952,0.125,0.3637262798661197,0.2725421784540682,0.06312840433493916,2.3221396371810648,14.973627776454459,0.31552270951306755,0.12963066552373143,dfc0879a,-1.7143012561281732,643.7,5.4,30.4
0.297,0.302,U10,U10,6.0,6.0,SSPG,SSPG,0.952,0.952,0.125,0.43175555728212367,0.30977969701039515,0.36563337949283237,8.874693400568058,12.92352799912943,0.1477774000263522,0.4443668984954119,a43bcd0e,-7.796794671456354,476.2,4.9,31.1
0.297,0.302,U10,U10,6.0,6.0,SSPG,SSPG,0.952,0.952,0.125,0.43175555728212367,0.30977969701039515,0.36563337949283237,10.565216596717306,12.92352799912943,0.1477774000263522,0.4443668984954119,a43bcd0e,-7.796794671456354,476.2,4.9,31.1
0.297,0.302,U10,U10,6.0,6.0,SSPG,SSPG,0.952,0.952,0.125,0.43175555728212367,0.30977969701039515,0.36563337949283237,10.22655367198659,12.92352799912943,0.1477774000263522,0.4443668984954119,a43bcd0e,-7.796794671456354,476.2,4.9,31.1
0.297,0.302,U10,U10,6.0,6.0,SSPG,SSPG,0.952,0.952,0.125,0.43175555728212367,0.30977969701039515,0.36563337949283237,10.835410873879578,12.92352799912943,0.1477774000263522,0.4443668984954119,a43bcd0e,-7.796794671456354,476.2,4.9,31.1
0.297,0.302,U10,U10,6.0,6.0,SSPG,SSPG,0.952,0.952,0.125,0.43175555728212367,0.30977969701039515,0.36563337949283237,10.822701304935748,12.92352799912943,0.1477774000263522,0.4443668984954119,a43bcd0e,-7.796794671456354,476.2,4.9,31.1
0.297,0.302,U10,U10,6.0,6.0,SSPG,SSPG,0.952,0.952,0.125,0.40768557062517113,0.20972258286457884,0.4240249610038769,2.6137057690374225e-15,13.120373933497412,0.2896155002944746,1.4863081075916832e-16,c94c6b5f,0.6560186966748683,709.2,4.1,26.2
0.297,0.302,U10,U10,6.0,6.0,SSPG,SSPG,0.952,0.952,0.125,0.40768557062517113,0.20972258286457884,0.4240249610038769,3.1963145853137478e-15,13.120373933497412,0.2896155002944746,1.4863081075916832e-16,c94c6b5f,0.6560186966748683,709.2,4.1,26.2
0.297,0.302,U10,U10,6.0,6.0,SSPG,SSPG,0.952,0.952,0.125,0.40768557062517113,0.20972258286457884,0.4240249610038769,2.9056159332299673e-15,13.120373933497412,0.2896155002944746,1.4863081075916832e-16,c94c6b5f,0.6560186966748683,709.2,4.1,26.2
0.297,0.302,U10,U10,6.0,6.0,SSPG,SSPG,0.952,0.952,0.125,0.40768557062517113,0.20972258286457884,0.4240249610038769,3.26505145334686e-15,13.120373933497412,0.2896155002944746,1.4863081075916832e-16,c94c6b5f,0.6560186966748683,709.2,4.1,26.2
0.297,0.302,U10,U10,6.0,6.0,SSPG,SSPG,0.952,0.952,0.125,0.40768557062517113,0.20972258286457884,0.4240249610038769,3.2592475850643205e-15,13.120373933497412,0.2896155002944746,1.4863081075916832e-16,c94c6b5f,0.6560186966748683,709.2,4.1,26.2
0.297,0.302,U10,U10,6.0,6.0,SSPG,SSPG,0.952,0.952,0.125,0.3790815543049104,0.2315421638726731,-0.07607780209882398,8.369112229173965e-15,14.048111996479681,0.30947876192500107,4.690453630923497e-16,da81b44b,0.7024055998239758,661.6,4.1,37.8
0.297,0.302,U10,U10,6.0,6.0,SSPG,SSPG,0.952,0.952,0.125,0.3790815543049104,0.2315421638726731,-0.07607780209882398,8.554118062481008e-15,14.048111996479681,0.30947876192500107,4.690453630923497e-16,da81b44b,0.7024055998239758,661.6,4.1,37.8
0.297,0.302,U10,U10,6.0,6.0,SSPG,SSPG,0.952,0.952,0.125,0.3790815543049104,0.2315421638726731,-0.07607780209882398,9.359271372976663e-15,14.048111996479681,0.30947876192500107,4.690453630923497e-16,da81b44b,0.7024055998239758,661.6,4.1,37.8
0.297,0.302,U10,U10,6.0,6.0,SSPG,SSPG,0.952,0.952,0.125,0.3790815543049104,0.2315421638726731,-0.07607780209882398,9.280243608659345e-15,14.048111996479681,0.30947876192500107,4.690453630923497e-16,da81b44b,0.7024055998239758,661.6,4.1,37.8
0.297,0.302,U10,U10,6.0,6.0,SSPG,SSPG,0.952,0.952,0.125,0.3790815543049104,0.2315421638726731,-0.07607780209882398,9.602626225025721e-15,14.048111996479681,0.30947876192500107,4.690453630923497e-16,da81b44b,0.7024055998239758,661.6,4.1,37.8
0.297,0.302,U10,U10,6.0,6.0,SSPG,SSPG,0.952,0.952,0.125,0.375232701941333,0.22189588966454082,0.21840051156295193,1.0715085701548528e-15,14.140002272341059,0.3116200914728866,6.354269937591235e-17,f69eaa96,0.7070001136170524,601.0,4.7,34.8
0.297,0.302,U10,U10,6.0,6.0,SSPG,SSPG,0.952,0.952,0.125,0.375232701941333,0.22189588966454082,0.21840051156295193,1.16217698020803e-15,14.140002272341059,0.3116200914728866,6.354269937591235e-17,f69eaa96,0.7070001136170524,601.0,4.7,34.8
0.297,0.302,U10,U10,6.0,6.0,SSPG,SSPG,0.952,0.952,0.125,0.375232701941333,0.22189588966454082,0.21840051156295193,1.2680918398415901e-15,14.140002272341059,0.3116200914728866,6.354269937591235e-17,f69eaa96,0.7070001136170524,601.0,4.7,34.8
0.297,0.302,U10,U10,6.0,6.0,SSPG,SSPG,0.952,0.952,0.125,0.375232701941333,0.22189588966454082,0.21840051156295193,1.2440945457749606e-15,14.140002272341059,0.3116200914728866,6.354269937591235e-17,f69eaa96,0.7070001136170524,601.0,4.7,34.8
0.297,0.302,U10,U10,6.0,6.0,SSPG,SSPG,0.952,0.952,0.125,0.375232701941333,0.22189588966454082,0.21840051156295193,1.3135730213321506e-15,14.140002272341059,0.3116200914728866,6.354269937591235e-17,f69eaa96,0.7070001136170524,601.0,4.7,34.8
0.297,0.302,U10,U10,6.0,6.0,SSPG,SSPG,0.952,0.952,0.125,0.4106968386642045,0.20171396753039492,1.1389709653116005,5.626106795956439,10.998458963348899,0.22442306140291027,0.27998918913535387,6e6c31d0,-4.769871645404278,560.3,4.9,28.5
0.297,0.302,U10,U10,6.0,6.0,SSPG,SSPG,0.952,0.952,0.125,0.4106968386642045,0.20171396753039492,1.1389709653116005,6.633414348114639,10.998458963348899,0.22442306140291027,0.27998918913535387,6e6c31d0,-4.769871645404278,560.3,4.9,28.5
0.297,0.302,U10,U10,6.0,6.0,SSPG,SSPG,0.952,0.952,0.125,0.4106968386642045,0.20171396753039492,1.1389709653116005,6.553383534211526,10.998458963348899,0.22442306140291027,0.27998918913535387,6e6c31d0,-4.769871645404278,560.3,4.9,28.5
0.297,0.302,U10,U10,6.0,6.0,SSPG,SSPG,0.952,0.952,0.125,0.4106968386642045,0.20171396753039492,1.1389709653116005,6.399780795352432,10.998458963348899,0.22442306140291027,0.27998918913535387,6e6c31d0,-4.769871645404278,560.3,4.9,28.5
0.297,0.302,U10,U10,6.0,6.0,SSPG,SSPG,0.952,0.952,0.125,0.4106968386642045,0.20171396753039492,1.1389709653116005,6.444382241931467,10.998458963348899,0.22442306140291027,0.27998918913535387,6e6c31d0,-4.769871645404278,560.3,4.9,28.5
0.297,0.302,U10,U10,6.0,6.0,SSPG,SSPG,0.952,0.952,0.125,0.39826089280390536,0.22055703442341804,0.11305357150465767,1.1265069399075688e-14,13.590653110169818,0.29821668352922237,6.119572633528702e-16,5c42d5d1,0.6795326555084799,610.9,4.1,31.4
0.297,0.302,U10,U10,6.0,6.0,SSPG,SSPG,0.952,0.952,0.125,0.39826089280390536,0.22055703442341804,0.11305357150465767,1.3579098605498842e-14,13.590653110169818,0.29821668352922237,6.119572633528702e-16,5c42d5d1,0.6795326555084799,610.9,4.1,31.4
0.297,0.302,U10,U10,6.0,6.0,SSPG,SSPG,0.952,0.952,0.125,0.39826089280390536,0.22055703442341804,0.11305357150465767,1.3459472144928431e-14,13.590653110169818,0.29821668352922237,6.119572633528702e-16,5c42d5d1,0.6795326555084799,610.9,4.1,31.4
0.297,0.302,U10,U10,6.0,6.0,SSPG,SSPG,0.952,0.952,0.125,0.39826089280390536,0.22055703442341804,0.11305357150465767,1.3275413367348505e-14,13.590653110169818,0.29821668352922237,6.119572633528702e-16,5c42d5d1,0.6795326555084799,610.9,4.1,31.4
0.297,0.302,U10,U10,6.0,6.0,SSPG,SSPG,0.952,0.952,0.125,0.39826089280390536,0.22055703442341804,0.11305357150465767,1.331832794133517e-14,13.590653110169818,0.29821668352922237,6.119572633528702e-16,5c42d5d1,0.6795326555084799,610.9,4.1,31.4
0.297,0.302,U10,U10,6.0,6.0,SSPG,SSPG,0.952,0.952,0.125,0.4219954009262614,0.2892997013302241,1.231107240595653,6.058320339860802,16.756453323180764,0.06448272529819016,0.3183984245769682,4ef9fe0a,-5.211747400803357,528.0,5.3,22.0
0.297,0.302,U10,U10,6.0,6.0,SSPG,SSPG,0.952,0.952,0.125,0.4219954009262614,0.2892997013302241,1.231107240595653,7.369924426595859,16.756453323180764,0.06448272529819016,0.3183984245769682,4ef9fe0a,-5.211747400803357,528.0,5.3,22.0
0.297,0.302,U10,U10,6.0,6.0,SSPG,SSPG,0.952,0.952,0.125,0.4219954009262614,0.2892997013302241,1.231107240595653,6.599066989820064,16.756453323180764,0.06448272529819016,0.3183984245769682,4ef9fe0a,-5.211747400803357,528.0,5.3,22.0
0.297,0.302,U10,U10,6.0,6.0,SSPG,SSPG,0.952,0.952,0.125,0.4219954009262614,0.2892997013302241,1.231107240595653,8.107010822604861,16.756453323180764,0.06448272529819016,0.3183984245769682,4ef9fe0a,-5.211747400803357,528.0,5.3,22.0
0.297,0.302,U10,U10,6.0,6.0,SSPG,SSPG,0.952,0.952,0.125,0.4219954009262614,0.2892997013302241,1.231107240595653,6.213059149345299,16.756453323180764,0.06448272529819016,0.3183984245769682,4ef9fe0a,-5.211747400803357,528.0,5.3,22.0
0.297,0.302,U10,U10,6.0,6.0,SSPG,SSPG,0.952,0.952,0.125,0.4217721718192369,0.20667124644100496,0.6220194173934512,0.05112100343682349,12.556537380415811,0.27841185158474113,0.0035982238952221644,f2322ea6,0.55946061501157,546.9,5.1,25.9
0.297,0.302,U10,U10,6.0,6.0,SSPG,SSPG,0.952,0.952,0.125,0.4217721718192369,0.20667124644100496,0.6220194173934512,0.0716897043812003,12.556537380415811,0.27841185158474113,0.0035982238952221644,f2322ea6,0.55946061501157,546.9,5.1,25.9
0.297,0.302,U10,U10,6.0,6.0,SSPG,SSPG,0.952,0.952,0.125,0.4217721718192369,0.20667124644100496,0.6220194173934512,0.07184737893346047,12.556537380415811,0.27841185158474113,0.0035982238952221644,f2322ea6,0.55946061501157,546.9,5.1,25.9
0.297,0.302,U10,U10,6.0,6.0,SSPG,SSPG,0.952,0.952,0.125,0.4217721718192369,0.20667124644100496,0.6220194173934512,0.0672877862982728,12.556537380415811,0.27841185158474113,0.0035982238952221644,f2322ea6,0.55946061501157,546.9,5.1,25.9
0.297,0.302,U10,U10,6.0,6.0,SSPG,SSPG,0.952,0.952,0.125,0.4217721718192369,0.20667124644100496,0.6220194173934512,0.07294825134796244,12.556537380415811,0.27841185158474113,0.0035982238952221644,f2322ea6,0.55946061501157,546.9,5.1,25.9
0.297,0.302,U10,U10,6.0,6.0,SSPG,SSPG,0.952,0.952,0.125,0.39677492848391627,0.25281288675376057,0.536237367157629,6.413863658349532,14.084231927085586,0.20946040223883283,0.46236568203025413,ff7a785f,-8.080736362220547,546.2,5.4,34.3
0.297,0.302,U10,U10,6.0,6.0,SSPG,SSPG,0.952,0.952,0.125,0.39677492848391627,0.25281288675376057,0.536237367157629,6.975029149575496,14.084231927085586,0.20946040223883283,0.46236568203025413,ff7a785f,-8.080736362220547,546.2,5.4,34.3
0.297,0.302,U10,U10,6.0,6.0,SSPG,SSPG,0.952,0.952,0.125,0.39677492848391627,0.25281288675376057,0.536237367157629,7.591709648080732,14.084231927085586,0.20946040223883283,0.46236568203025413,ff7a785f,-8.080736362220547,546.2,5.4,34.3
0.297,0.302,U10,U10,6.0,6.0,SSPG,SSPG,0.952,0.952,0.125,0.39677492848391627,0.25281288675376057,0.536237367157629,7.910579228490874,14.084231927085586,0.20946040223883283,0.46236568203025413,ff7a785f,-8.080736362220547,546.2,5.4,34.3
0.297,0.302,U10,U10,6.0,6.0,SSPG,SSPG,0.952,0.952,0.125,0.39677492848391627,0.25281288675376057,0.536237367157629,7.330819153183148,14.084231927085586,0.20946040223883283,0.46236568203025413,ff7a785f,-8.080736362220547,546.2,5.4,34.3
0.297,0.302,U10,U10,6.0,6.0,SSPG,SSPG,0.952,0.952,0.125,0.41775285315527094,0.23904870097894948,0.8006472427511446,1.6278944112079263,12.174202307042789,0.26540780633912636,0.12637817063328746,9b56ac07,-1.792475126680322,647.1,5.5,29.8
0.297,0.302,U10,U10,6.0,6.0,SSPG,SSPG,0.952,0.952,0.125,0.41775285315527094,0.23904870097894948,0.8006472427511446,1.846780455224425,12.174202307042789,0.26540780633912636,0.12637817063328746,9b56ac07,-1.792475126680322,647.1,5.5,29.8
0.297,0.302,U10,U10,6.0,6.0,SSPG,SSPG,0.952,0.952,0.125,0.41775285315527094,0.23904870097894948,0.8006472427511446,1.8016119509612911,12.174202307042789,0.26540780633912636,0.12637817063328746,9b56ac07,-1.792475126680322,647.1,5.5,29.8
0.297,0.302,U10,U10,6.0,6.0,SSPG,SSPG,0.952,0.952,0.125,0.41775285315527094,0.23904870097894948,0.8006472427511446,2.053804536383989,12.174202307042789,0.26540780633912636,0.12637817063328746,9b56ac07,-1.792475126680322,647.1,5.5,29.8
0.297,0.302,U10,U10,6.0,6.0,SSPG,SSPG,0.952,0.952,0.125,0.41775285315527094,0.23904870097894948,0.8006472427511446,2.7224463238875627,12.174202307042789,0.26540780633912636,0.12637817063328746,9b56ac07,-1.792475126680322,647.1,5.5,29.8
0.297,0.302,U10,U10,6.0,6.0,SSPG,SSPG,0.952,0.952,0.125,0.3418252272678949,0.26765395768087136,0.17114255978042126,5.741657944397809,23.60697041060202,0.09079621841089748,0.49250655458439707,4407c76d,-8.177276016573444,606.8,4.9,32.6
0.297,0.302,U10,U10,6.0,6.0,SSPG,SSPG,0.952,0.952,0.125,0.3418252272678949,0.26765395768087136,0.17114255978042126,5.597708077716053,23.60697041060202,0.09079621841089748,0.49250655458439707,4407c76d,-8.177276016573444,606.8,4.9,32.6
0.297,0.302,U10,U10,6.0,6.0,SSPG,SSPG,0.952,0.952,0.125,0.3418252272678949,0.26765395768087136,0.17114255978042126,6.381141321189891,23.60697041060202,0.09079621841089748,0.49250655458439707,4407c76d,-8.177276016573444,606.8,4.9,32.6
0.297,0.302,U10,U10,6.0,6.0,SSPG,SSPG,0.952,0.952,0.125,0.3418252272678949,0.26765395768087136,0.17114255978042126,7.845180079524042,23.60697041060202,0.09079621841089748,0.49250655458439707,4407c76d,-8.177276016573444,606.8,4.9,32.6
0.297,0.302,U10,U10,6.0,6.0,SSPG,SSPG,0.952,0.952,0.125,0.3418252272678949,0.26765395768087136,0.17114255978042126,8.11257898425789,23.60697041060202,0.09079621841089748,0.49250655458439707,4407c76d,-8.177276016573444,606.8,4.9,32.6
0.297,0.302,U10,U10,6.0,6.0,SSPG,SSPG,0.952,0.952,0.125,0.4177928736884081,0.23533529585120888,0.7352708087980679,3.2245878373077788,11.508211272358633,0.24103561081738123,0.22788587879449365,c05bc588,-3.754421133477447,539.9,4.9,25.8
0.297,0.302,U10,U10,6.0,6.0,SSPG,SSPG,0.952,0.952,0.125,0.4177928736884081,0.23533529585120888,0.7352708087980679,4.763227899810432,11.508211272358633,0.24103561081738123,0.22788587879449365,c05bc588,-3.754421133477447,539.9,4.9,25.8
0.297,0.302,U10,U10,6.0,6.0,SSPG,SSPG,0.952,0.952,0.125,0.4177928736884081,0.23533529585120888,0.7352708087980679,5.019048897396331,11.508211272358633,0.24103561081738123,0.22788587879449365,c05bc588,-3.754421133477447,539.9,4.9,25.8
0.297,0.302,U10,U10,6.0,6.0,SSPG,SSPG,0.952,0.952,0.125,0.4177928736884081,0.23533529585120888,0.7352708087980679,5.0255670741737815,11.508211272358633,0.24103561081738123,0.22788587879449365,c05bc588,-3.754421133477447,539.9,4.9,25.8
0.297,0.302,U10,U10,6.0,6.0,SSPG,SSPG,0.952,0.952,0.125,0.4177928736884081,0.23533529585120888,0.7352708087980679,5.03796384733223,11.508211272358633,0.24103561081738123,0.22788587879449365,c05bc588,-3.754421133477447,539.9,4.9,25.8
0.297,0.302,U10,U10,6.0,6.0,SSPG,SSPG,0.952,0.952,0.125,0.3791231868329906,0.2267966335665021,0.5613737475117193,0.9921919487242742,14.036398011081745,0.3059585685228397,0.08290778580022751,34724603,-0.8734280296502346,613.7,5.1,28.4
0.297,0.302,U10,U10,6.0,6.0,SSPG,SSPG,0.952,0.952,0.125,0.3791231868329906,0.2267966335665021,0.5613737475117193,1.450114918195167,14.036398011081745,0.3059585685228397,0.08290778580022751,34724603,-0.8734280296502346,613.7,5.1,28.4
0.297,0.302,U10,U10,6.0,6.0,SSPG,SSPG,0.952,0.952,0.125,0.3791231868329906,0.2267966335665021,0.5613737475117193,1.5756964865333156,14.036398011081745,0.3059585685228397,0.08290778580022751,34724603,-0.8734280296502346,613.7,5.1,28.4
0.297,0.302,U10,U10,6.0,6.0,SSPG,SSPG,0.952,0.952,0.125,0.3791231868329906,0.2267966335665021,0.5613737475117193,1.6199064486532044,14.036398011081745,0.3059585685228397,0.08290778580022751,34724603,-0.8734280296502346,613.7,5.1,28.4
0.297,0.302,U10,U10,6.0,6.0,SSPG,SSPG,0.952,0.952,0.125,0.3791231868329906,0.2267966335665021,0.5613737475117193,1.6258747123983066,14.036398011081745,0.3059585685228397,0.08290778580022751,34724603,-0.8734280296502346,613.7,5.1,28.4
0.297,0.302,U10,U10,6.0,6.0,SSPG,SSPG,0.952,0.952,0.125,0.35688364010078516,0.20382407767120794,0.7626921027135021,3.581250245542113,14.205251868095699,0.2914649444693555,0.27102139662241825,e4f92892,-4.43914394242116,635.8,5.3,35.9
0.297,0.302,U10,U10,6.0,6.0,SSPG,SSPG,0.952,0.952,0.125,0.35688364010078516,0.20382407767120794,0.7626921027135021,4.923110125331292,14.205251868095699,0.2914649444693555,0.27102139662241825,e4f92892,-4.43914394242116,635.8,5.3,35.9
0.297,0.302,U10,U10,6.0,6.0,SSPG,SSPG,0.952,0.952,0.125,0.35688364010078516,0.20382407767120794,0.7626921027135021,5.055215674841885,14.205251868095699,0.2914649444693555,0.27102139662241825,e4f92892,-4.43914394242116,635.8,5.3,35.9
0.297,0.302,U10,U10,6.0,6.0,SSPG,SSPG,0.952,0.952,0.125,0.35688364010078516,0.20382407767120794,0.7626921027135021,5.045298559922397,14.205251868095699,0.2914649444693555,0.27102139662241825,e4f92892,-4.43914394242116,635.8,5.3,35.9
0.297,0.302,U10,U10,6.0,6.0,SSPG,SSPG,0.952,0.952,0.125,0.35688364010078516,0.20382407767120794,0.7626921027135021,5.0584775251934415,14.205251868095699,0.2914649444693555,0.27102139662241825,e4f92892,-4.43914394242116,635.8,5.3,35.9
0.297,0.302,U10,U10,6.0,6.0,SSPG,SSPG,0.952,0.952,0.125,0.39120216258925666,0.23986677070252255,0.7510981736116622,8.332924448350136,14.467275031526322,0.1673990967619865,0.4803024489725436,a96f52eb,-8.40238277890201,530.6,5.4,31.1
0.297,0.302,U10,U10,6.0,6.0,SSPG,SSPG,0.952,0.952,0.125,0.39120216258925666,0.23986677070252255,0.7510981736116622,9.489763680596065,14.467275031526322,0.1673990967619865,0.4803024489725436,a96f52eb,-8.40238277890201,530.6,5.4,31.1
0.297,0.302,U10,U10,6.0,6.0,SSPG,SSPG,0.952,0.952,0.125,0.39120216258925666,0.23986677070252255,0.7510981736116622,10.52960460657918,14.467275031526322,0.1673990967619865,0.4803024489725436,a96f52eb,-8.40238277890201,530.6,5.4,31.1
0.297,0.302,U10,U10,6.0,6.0,SSPG,SSPG,0.952,0.952,0.125,0.39120216258925666,0.23986677070252255,0.7510981736116622,11.01856076341176,14.467275031526322,0.1673990967619865,0.4803024489725436,a96f52eb,-8.40238277890201,530.6,5.4,31.1
0.297,0.302,U10,U10,6.0,6.0,SSPG,SSPG,0.952,0.952,0.125,0.39120216258925666,0.23986677070252255,0.7510981736116622,11.040783517399886,14.467275031526322,0.1673990967619865,0.4803024489725436,a96f52eb,-8.40238277890201,530.6,5.4,31.1
0.297,0.302,U10,U10,6.0,6.0,SSPG,SSPG,0.952,0.952,0.125,0.4024959028520373,0.20081093064286637,0.38827409049418127,0.00414536576909351,13.452535230305305,0.29540140854518654,0.0003130295212784152,f6df86bb,0.6666792006109759,522.7,4.2,30.3
0.297,0.302,U10,U10,6.0,6.0,SSPG,SSPG,0.952,0.952,0.125,0.4024959028520373,0.20081093064286637,0.38827409049418127,0.005386579197007266,13.452535230305305,0.29540140854518654,0.0003130295212784152,f6df86bb,0.6666792006109759,522.7,4.2,30.3
0.297,0.302,U10,U10,6.0,6.0,SSPG,SSPG,0.952,0.952,0.125,0.4024959028520373,0.20081093064286637,0.38827409049418127,0.006530874933922989,13.452535230305305,0.29540140854518654,0.0003130295212784152,f6df86bb,0.6666792006109759,522.7,4.2,30.3
0.297,0.302,U10,U10,6.0,6.0,SSPG,SSPG,0.952,0.952,0.125,0.4024959028520373,0.20081093064286637,0.38827409049418127,0.006601309125179832,13.452535230305305,0.29540140854518654,0.0003130295212784152,f6df86bb,0.6666792006109759,522.7,4.2,30.3
0.297,0.302,U10,U10,6.0,6.0,SSPG,SSPG,0.952,0.952,0.125,0.4024959028520373,0.20081093064286637,0.38827409049418127,0.006805165384958209,13.452535230305305,0.29540140854518654,0.0003130295212784152,f6df86bb,0.6666792006109759,522.7,4.2,30.3
0.297,0.302,U10,U10,6.0,6.0,SSPG,SSPG,0.952,0.952,0.125,0.3330961891584664,0.2113626913442575,0.5905273589646911,6.714993704105591,21.476795362691988,0.1741059127907145,0.5275098575480365,d2d42829,-8.948847525278092,556.5,4.0,32.4
0.297,0.302,U10,U10,6.0,6.0,SSPG,SSPG,0.952,0.952,0.125,0.3330961891584664,0.2113626913442575,0.5905273589646911,7.946673606538107,21.476795362691988,0.1741059127907145,0.5275098575480365,d2d42829,-8.948847525278092,556.5,4.0,32.4
0.297,0.302,U10,U10,6.0,6.0,SSPG,SSPG,0.952,0.952,0.125,0.3330961891584664,0.2113626913442575,0.5905273589646911,10.219521875433184,21.476795362691988,0.1741059127907145,0.5275098575480365,d2d42829,-8.948847525278092,556.5,4.0,32.4
0.297,0.302,U10,U10,6.0,6.0,SSPG,SSPG,0.952,0.952,0.125,0.3330961891584664,0.2113626913442575,0.5905273589646911,10.293884745544785,21.476795362691988,0.1741059127907145,0.5275098575480365,d2d42829,-8.948847525278092,556.5,4.0,32.4
0.297,0.302,U10,U10,6.0,6.0,SSPG,SSPG,0.952,0.952,0.125,0.3330961891584664,0.2113626913442575,0.5905273589646911,10.942101568481135,21.476795362691988,0.1741059127907145,0.5275098575480365,d2d42829,-8.948847525278092,556.5,4.0,32.4
0.297,0.302,U10,U10,6.0,6.0,SSPG,SSPG,0.952,0.952,0.125,0.37119067283612117,0.20323682258233913,1.0523555529228776,7.859094794258197,19.889494426874172,0.0982254781971415,0.37042247054026195,0bb9cbc5,-6.043552218921267,507.6,4.6,30.8
0.297,0.302,U10,U10,6.0,6.0,SSPG,SSPG,0.952,0.952,0.125,0.37119067283612117,0.20323682258233913,1.0523555529228776,7.841997818893014,19.889494426874172,0.0982254781971415,0.37042247054026195,0bb9cbc5,-6.043552218921267,507.6,4.6,30.8
0.297,0.302,U10,U10,6.0,6.0,SSPG,SSPG,0.952,0.952,0.125,0.37119067283612117,0.20323682258233913,1.0523555529228776,7.818753207573362,19.889494426874172,0.0982254781971415,0.37042247054026195,0bb9cbc5,-6.043552218921267,507.6,4.6,30.8
0.297,0.302,U10,U10,6.0,6.0,SSPG,SSPG,0.952,0.952,0.125,0.37119067283612117,0.20323682258233913,1.0523555529228776,8.830398419261149,19.889494426874172,0.0982254781971415,0.37042247054026195,0bb9cbc5,-6.043552218921267,507.6,4.6,30.8
0.297,0.302,U10,U10,6.0,6.0,SSPG,SSPG,0.952,0.952,0.125,0.37119067283612117,0.20323682258233913,1.0523555529228776,8.922798538256881,19.889494426874172,0.0982254781971415,0.37042247054026195,0bb9cbc5,-6.043552218921267,507.6,4.6,30.8
0.297,0.302,U10,U10,6.0,6.0,SSPG,SSPG,0.952,0.952,0.125,0.3905689514210329,0.22364846325289928,0.2502003610779824,1.1138185926295316,13.683179259972903,0.2991541287402103,0.0640008905821939,cc709a6b,-0.531857958063038,502.7,3.0,31.0
0.297,0.302,U10,U10,6.0,6.0,SSPG,SSPG,0.952,0.952,0.125,0.3905689514210329,0.22364846325289928,0.2502003610779824,1.097681838849394,13.683179259972903,0.2991541287402103,0.0640008905821939,cc709a6b,-0.531857958063038,502.7,3.0,31.0
0.297,0.302,U10,U10,6.0,6.0,SSPG,SSPG,0.952,0.952,0.125,0.3905689514210329,0.22364846325289928,0.2502003610779824,1.2358111536963414,13.683179259972903,0.2991541287402103,0.0640008905821939,cc709a6b,-0.531857958063038,502.7,3.0,31.0
0.297,0.302,U10,U10,6.0,6.0,SSPG,SSPG,0.952,0.952,0.125,0.3905689514210329,0.22364846325289928,0.2502003610779824,1.2080319306448715,13.683179259972903,0.2991541287402103,0.0640008905821939,cc709a6b,-0.531857958063038,502.7,3.0,31.0
0.297,0.302,U10,U10,6.0,6.0,SSPG,SSPG,0.952,0.952,0.125,0.3905689514210329,0.22364846325289928,0.2502003610779824,1.2291847142354808,13.683179259972903,0.2991541287402103,0.0640008905821939,cc709a6b,-0.531857958063038,502.7,3.0,31.0
0.297,0.302,U10,U10,6.0,6.0,SSPG,SSPG,0.952,0.952,0.125,0.4003349447060365,0.21043682152581583,0.6381136621696277,2.359570608862687,12.552797909753371,0.2720599694104927,0.15386896990343574,de209a7e,-2.2958705326776094,516.3,4.4,27.6
0.297,0.302,U10,U10,6.0,6.0,SSPG,SSPG,0.952,0.952,0.125,0.4003349447060365,0.21043682152581583,0.6381136621696277,2.932848152428358,12.552797909753371,0.2720599694104927,0.15386896990343574,de209a7e,-2.2958705326776094,516.3,4.4,27.6
0.297,0.302,U10,U10,6.0,6.0,SSPG,SSPG,0.952,0.952,0.125,0.4003349447060365,0.21043682152581583,0.6381136621696277,2.9634046860922676,12.552797909753371,0.2720599694104927,0.15386896990343574,de209a7e,-2.2958705326776094,516.3,4.4,27.6
0.297,0.302,U10,U10,6.0,6.0,SSPG,SSPG,0.952,0.952,0.125,0.4003349447060365,0.21043682152581583,0.6381136621696277,3.0237743738871687,12.552797909753371,0.2720599694104927,0.15386896990343574,de209a7e,-2.2958705326776094,516.3,4.4,27.6
0.297,0.302,U10,U10,6.0,6.0,SSPG,SSPG,0.952,0.952,0.125,0.4003349447060365,0.21043682152581583,0.6381136621696277,3.0656294013455323,12.552797909753371,0.2720599694104927,0.15386896990343574,de209a7e,-2.2958705326776094,516.3,4.4,27.6
0.297,0.302,U10,U10,6.0,6.0,SSPG,SSPG,0.952,0.952,0.125,0.3687199162747699,0.20133059255735017,0.7731233592980322,2.6303101554953443,13.904883062840561,0.29884334263800305,0.17586745016502353,3949f7a5,-2.646237399993418,583.0,4.3,30.2
0.297,0.302,U10,U10,6.0,6.0,SSPG,SSPG,0.952,0.952,0.125,0.3687199162747699,0.20133059255735017,0.7731233592980322,3.062837572858538,13.904883062840561,0.29884334263800305,0.17586745016502353,3949f7a5,-2.646237399993418,583.0,4.3,30.2
0.297,0.302,U10,U10,6.0,6.0,SSPG,SSPG,0.952,0.952,0.125,0.3687199162747699,0.20133059255735017,0.7731233592980322,3.1543228367505756,13.904883062840561,0.29884334263800305,0.17586745016502353,3949f7a5,-2.646237399993418,583.0,4.3,30.2
0.297,0.302,U10,U10,6.0,6.0,SSPG,SSPG,0.952,0.952,0.125,0.3687199162747699,0.20133059255735017,0.7731233592980322,3.077930982858521,13.904883062840561,0.29884334263800305,0.17586745016502353,3949f7a5,-2.646237399993418,583.0,4.3,30.2
0.297,0.302,U10,U10,6.0,6.0,SSPG,SSPG,0.952,0.952,0.125,0.3687199162747699,0.20133059255735017,0.7731233592980322,3.1584557566933946,13.904883062840561,0.29884334263800305,0.17586745016502353,3949f7a5,-2.646237399993418,583.0,4.3,30.2
0.297,0.302,U10,U10,6.0,6.0,SSPG,SSPG,0.952,0.952,0.125,0.321191015056785,0.2122820773667236,0.4248425290814224,6.575067696767803,23.66378408349014,0.1603980273886237,0.46200062662432745,05ff2eab,-7.594822701687714,575.8,5.5,37.2
0.297,0.302,U10,U10,6.0,6.0,SSPG,SSPG,0.952,0.952,0.125,0.321191015056785,0.2122820773667236,0.4248425290814224,7.071615227493233,23.66378408349014,0.1603980273886237,0.46200062662432745,05ff2eab,-7.594822701687714,575.8,5.5,37.2
0.297,0.302,U10,U10,6.0,6.0,SSPG,SSPG,0.952,0.952,0.125,0.321191015056785,0.2122820773667236,0.4248425290814224,7.349841744496159,23.66378408349014,0.1603980273886237,0.46200062662432745,05ff2eab,-7.594822701687714,575.8,5.5,37.2
0.297,0.302,U10,U10,6.0,6.0,SSPG,SSPG,0.952,0.952,0.125,0.321191015056785,0.2122820773667236,0.4248425290814224,7.211384303721198,23.66378408349014,0.1603980273886237,0.46200062662432745,05ff2eab,-7.594822701687714,575.8,5.5,37.2
0.297,0.302,U10,U10,6.0,6.0,SSPG,SSPG,0.952,0.952,0.125,0.321191015056785,0.2122820773667236,0.4248425290814224,8.735190913304587,23.66378408349014,0.1603980273886237,0.46200062662432745,05ff2eab,-7.594822701687714,575.8,5.5,37.2
