thigh_length,calf_length,motor_left_name,motor_right_name,gear_left_ratio,gear_right_ratio,gearbox_left,gearbox_right,torso_distance,ik_height,ori_l,ori_theta,best_index,best_cost,ac1,ac2,ac3
0.2438829395766674,0.2404453238811746,MN8014,MN8014,9.293665603002419,9.788700364485411,CPG,CPG,0.10100739196139777,0.3606633141189927,0.5648762955653639,0.40589241457938807,4,0.5499470422944532,550,5,30
0.22614647858502038,0.22944406456180766,MN8014,MN8014,12.942432558419888,10.349877051057128,CPG,CPG,0.08164819483266172,0.3664766877374637,0.26406396651621017,0.06959231880879102,2,1.1502808336883066,550,5,30
0.23525341316034035,0.2345291830877541,MN8014,VT8020,13.03652538538273,11.530468478558696,CPG,CPG,0.08042058065265907,0.38351728939922564,0.4446478224020126,0.584085224673005,2,-0.06291097710143742,550,5,30
0.23108182243548747,0.23756154077210012,MN8014,MAD_M6C12,13.84072050285352,14.254966531482049,CPG,CPG,0.09095822687471403,0.41066977906260616,0.2032821588194152,0.5342336985846137,7,0.4143603390276849,550,5,30
0.22183431107492746,0.2312015513094688,U12,MAD_M6C12,10.664616553884555,16.372993404731794,CPG,CPG,0.0998958810180552,0.38284926417068704,0.4549009532349809,0.5689933316529938,6,-0.14451729197969854,550,5,30
0.21217703628643586,0.22809862463730535,MN8014,MAD_M6C12,14.778479482056436,12.04163965414013,CPG,CPG,0.08802733992122852,0.4058235261918869,0.6945577152547484,0.10535066037108076,5,-0.2403733662371492,550,5,30
0.21150869123118368,0.18134343186231994,MN8014,MAD_M6C12,14.924890840124178,10.614546018373375,CPG,CPG,0.07788557751926731,0.3781885594769395,0.7750568714806438,0.4249056650918852,2,-0.5367306077281462,550,5,30
0.20492592095267703,0.17184506173382647,MN8014,MAD_M6C12,12.37709637282729,7.823362653673074,CPG,CPG,0.10043723184094969,0.34972150028999915,0.7650417490240042,0.27619017686586145,0,-0.9404614536333973,550,5,30
0.21125051211860552,0.1525278072054701,MN8014,MAD_M6C12,7.356865333912554,7.836800691146212,CPG,CPG,0.10204026380792569,0.3615578549861296,0.2932439947795078,0.2427162885768137,5,-0.20875094311019315,550,5,30
0.17923257642888132,0.17431989216012053,MN8014,MAD_M6C12,11.106100751995642,9.496718299192022,CPG,CPG,0.09285017452288417,0.41559666820828933,0.24341416198084564,0.1651065895526378,0,-0.16112600397503368,550,5,30
0.1897421762654963,0.16463198473100557,MN8014,MAD_M6C12,10.452777547532992,7.732399902641658,CPG,CPG,0.11682410690651908,0.4409241731899439,0.4024243810475013,0.298619668689293,5,0.20640877960567985,550,5,30
0.21440902493837125,0.15182314562984872,U12,MAD_M6C12,10.749350784187097,6.848201557882854,CPG,CPG,0.1062431357395484,0.355947846652071,0.24878447963184536,0.24208323820109512,4,-0.07244984088400452,550,5,30
0.19509644333967352,0.15252379932848684,U12,MAD_M6C12,7.696199850284747,8.378148893880365,CPG,CPG,0.11050967120885005,0.42190182295474216,0.20269758428713602,0.25251346702467403,3,0.0069022932979111995,550,5,30
0.2165941526470846,0.15897937113940724,MN8014,MAD_M6C12,8.564561918168998,6.361269236552314,CPG,CPG,0.11184779406385313,0.35966157872690147,0.21825725483118927,0.2418912483621396,7,0.10133455608192266,550,5,30
0.2246084248878709,0.1528442149089925,MN8014,MAD_M6C12,5.438553069962333,6.450208589484161,SSPG,CPG,0.1269743625487974,0.37018655737168915,0.20837408682727296,0.030701236462876036,4,0.16223991774192562,550,5,30
0.23444930760629673,0.1507103356471694,U10,MAD_M6C12,4.208646904081981,11.124366644316897,CPG,CPG,0.13115003874337272,0.38849735194437635,0.305832167931609,0.3686669665429483,6,-0.0521803449883419,550,5,30
0.21284482119877265,0.15087879176169153,U12,MAD_M6C12,7.244088618291757,10.559177870252292,SSPG,CPG,0.11863104376986675,0.33268101094142194,0.6177880291001344,0.14553331740412156,4,-0.4159929471067517,550,5,30
0.22820051812577485,0.15850500419445226,U12,MAD_M6C12,6.472342923754805,7.605708859357982,SSPG,CPG,0.136503527389656,0.3750752568585518,0.21594964705071962,0.28883566641527314,3,0.07547078411526839,550,5,30
0.21557536079739967,0.165999369252405,U12,MAD_M6C12,7.239779862763296,7.490703403918182,SSPG,CPG,0.11026145648146851,0.33512513946398825,0.5619094293330673,-0.028512993550722898,4,-0.10879415218362498,550,5,30
0.19683188492276094,0.18317853478243656,U12,MAD_M6C12,8.381382802093327,8.965489032812513,CPG,CPG,0.12789426863524112,0.3422740426602366,0.595461217720198,0.1377473714836237,0,-0.4734940471547592,550,5,30
0.20671541859836295,0.1501511866357977,MN8014,MAD_M6C12,7.457902429138942,7.731291181420849,CPG,CPG,0.12505994908750312,0.334804288823071,0.710067370866003,0.44552211170698586,6,-0.2287923057901714,550,5,30
0.19873390984515382,0.15009874375826482,U12,MAD_M6C12,9.031456079410955,8.834254981194228,CPG,CPG,0.12312667043389514,0.33219568127070553,0.837069949112321,0.5366024971581478,0,-0.9653796889921537,550,5,30
0.20740615125922285,0.15160192406187883,U12,MAD_M6C12,10.940885481156368,8.452514388194796,CPG,CPG,0.11604850584385974,0.34462506884702815,0.8631544873280605,0.5844726521989223,1,-0.5308775705916767,550,5,30
0.20794680328933152,0.15544317452089243,U12,MAD_M6C12,9.391405043714105,8.187711888993743,CPG,CPG,0.11772339080846622,0.32620843078347117,0.6350198176044437,0.6186335898228736,1,-0.9837390284113079,550,5,30
0.19906202939948356,0.15369629424102618,U12,MAD_M6C12,8.996122148903964,6.099055704015422,CPG,SSPG,0.12055705718730099,0.31290445362913505,0.624930641279284,0.5073461552317275,0,-0.9325338164612675,550,5,30
0.2082190904137887,0.1691580899121729,U12,MAD_M6C12,7.965506481612742,7.536809639388866,CPG,CPG,0.11353314341950084,0.35200354030912123,0.6761752041345601,0.7891212575337532,5,-0.7873457214919682,550,5,30
0.21595059950270823,0.15016897207791005,U12,MAD_M6C12,9.710375766119688,6.4780603894808735,CPG,CPG,0.11026641996954845,0.342822565123053,0.9068653999101111,0.8323508257987116,1,-0.512674991554902,550,5,30
0.2081841811632587,0.1559178228613177,U12,MAD_M6C12,8.62126943225006,8.490460765491957,CPG,CPG,0.11371470784237282,0.3385834758369601,0.8859892335938893,0.7480701018258911,1,-0.005748112045165676,550,5,30
0.19708547776158478,0.1507437650846465,U12,MAD_M6C12,8.086636716959354,8.345955285856846,CPG,CPG,0.11399746730691022,0.33047215500509686,0.8074911201789827,0.5732942290922525,4,-0.9832569499556997,550,5,30
0.2114189894337772,0.15166937563293645,U12,MAD_M6C12,8.651079759337376,9.09614671486234,CPG,CPG,0.11950779435641955,0.3434141014368304,0.7957183235543557,0.5904369821632454,6,-0.9059264852677817,550,5,30
0.19934614385578914,0.15158654739511362,U12,MAD_M6C12,7.682739379778621,7.230753822662278,CPG,CPG,0.12232092273694065,0.3254248142512395,0.7555822491261235,0.3832704622830059,4,-0.9577861278125905,550,5,30
0.21107266021424606,0.15713950456803055,U12,MAD_M6C12,7.522166839075245,7.7209064245442125,CPG,CPG,0.11899152166053112,0.34449596327923715,0.5256664550428243,0.5705344911051982,1,-0.3728372636903815,550,5,30
0.20226036502060946,0.16750138600724876,U12,MAD_M6C12,7.509778169761374,7.600159296288453,CPG,CPG,0.1207119026131432,0.34575371879759087,0.7214977495840118,0.64508534174553,4,-0.9336259212541589,550,5,30
0.20117544132963913,0.16106853204777566,U12,MAD_M6C12,6.996008040976785,7.219503971662673,SSPG,CPG,0.119170405164876,0.337042295199747,0.6992593509508488,0.5212180189703117,1,-0.9871308335904877,550,5,30
0.195880977027885,0.16374767828132594,U12,MAD_M6C12,7.858891653441135,5.9123138631987535,CPG,SSPG,0.11465892042671785,0.34220607261121444,0.9263070020786119,0.44464086246724355,5,-1.239815984335092,550,5,30
0.1996969062685955,0.16959516866480134,U12,MAD_M6C12,7.83708758421163,6.312893911562433,CPG,CPG,0.11631398277034222,0.3471254583655892,0.8662871812397599,0.39643779926639033,2,-1.2164720730246592,550,5,30
0.2006679918830265,0.15934723638473022,U12,MAD_M6C12,6.992212846711802,5.687459436156959,SSPG,SSPG,0.11771069601948156,0.33723766599824384,0.5905595392999876,0.44178319664113364,3,-0.5950312825236742,550,5,30
0.1916731284375186,0.16041772606088828,U12,MAD_M6C12,7.435102694755198,5.358533228290969,CPG,SSPG,0.11819756494732454,0.32693968708573756,0.8428343251325885,0.3421902927600369,2,-0.8932942601790754,550,5,30
0.19168039917567295,0.1690819828539147,U12,MAD_M6C12,7.765153660707085,5.252906761131286,CPG,CPG,0.11520031801611835,0.3385930631669977,0.6910469073179841,0.5189669107729871,2,-0.9728923999419684,550,5,30
0.1925915885833011,0.1668072863353909,U12,MAD_M6C12,8.891625468803827,6.235286450082571,CPG,CPG,0.11151646585720473,0.3217848748855606,0.645080401236187,0.455902593707878,6,-1.1718447383010808,550,5,30
0.19129734561000675,0.17212919450397296,U12,MAD_M6C12,6.644756719453882,6.6674310373276615,SSPG,CPG,0.11938148525023518,0.33484879201471524,0.6766012184881994,0.4702755181388456,2,-1.0395183609613392,550,5,30
0.1838667260166989,0.1777052412055332,U12,MAD_M6C12,8.703870253737524,6.518804090917579,CPG,CPG,0.11023083469940279,0.34017624245980344,0.830333147659823,0.46564080518947826,2,-1.3619912032168928,550,5,30
0.18834596051643104,0.16873056038460124,U12,MAD_M6C12,7.518633186888536,6.772619803857852,CPG,CPG,0.11305754700537124,0.33823956692430374,0.795688270175402,0.6230950684204126,6,-1.0787329774923777,550,5,30
0.18379377390397308,0.18261867775570093,U12,MAD_M6C12,8.603302614938045,6.4129633420481795,CPG,CPG,0.10957666524509632,0.3396150005276917,0.7664719791168726,0.6222851532431863,3,-1.5389544629191565,550,5,30
0.1700540289473843,0.19520338621802125,U12,MAD_M6C12,7.01023501116697,6.991447436156273,SSPG,CPG,0.10628553738152466,0.3368307714190698,0.692544835679572,0.6906036828425846,7,-1.1210186055716425,550,5,30
0.171549094724587,0.2011997110639152,U12,MAD_M6C12,9.437300793155416,6.271923379800173,CPG,CPG,0.10792877821994976,0.32933335177805007,0.6496426503246959,0.6882820177031355,5,-1.6254108513306873,550,5,30
0.16938491625713248,0.18144199967745683,U12,MAD_M6C12,8.85382522028046,6.558769154538135,CPG,CPG,0.10788585742300866,0.3244144322601068,0.7487845200724714,0.6066625929862663,2,-1.667579360518729,550,5,30
0.17059048125130205,0.18098924577791956,U12,MAD_M6C12,9.66036617681929,7.50027605189973,CPG,CPG,0.10097984854186641,0.3331120959844929,0.8918421506177416,0.816021343882674,2,-1.3672185850085727,550,5,30
0.1603492656582386,0.2062108379363521,U12,VT8020,10.687847196464684,7.499081932593281,CPG,CPG,0.10688482641239311,0.31968012589067357,0.7056423447036853,0.7118729808694986,7,-1.483639965040253,550,5,30
0.1736302474206186,0.2133351644144762,U12,VT8020,10.022463507004403,6.794450864325871,CPG,CPG,0.11558928468109758,0.33262300627582153,0.6892250210993189,0.6273351293276526,5,-0.6620832927757999,550,5,30
0.17499315767497245,0.20467339098220705,U12,MAD_M6C12,10.90421004415533,7.304071330201516,CPG,CPG,0.10275010575974045,0.3283340949687596,0.5863587764203043,0.6861997169981748,7,-1.3103535833007696,550,5,30
0.17542073281984427,0.20344834648305088,U12,MAD_M6C12,9.999130655220245,6.63725702105507,CPG,CPG,0.1124045178326296,0.32231054776049367,0.6113041749378283,0.8575260556499305,6,-1.5368982572104182,550,5,30
0.16769081619692183,0.19680530356089182,U12,MAD_M6C12,8.263318669920467,7.919141361098163,CPG,CPG,0.11209187741161374,0.3021536671172039,0.5192766421377721,0.81521316959082,7,-1.1015366639593593,550,5,30
0.17435812005503748,0.17756585106659747,U12,MAD_M6C12,8.163437599943046,7.7832101192058065,CPG,CPG,0.1158730323821487,0.3123946000947983,0.5822482092690326,0.9209829216672865,0,-1.2895921167823317,550,5,30
0.16746065497911378,0.1885418879682296,U12,MAD_M6C12,9.630430721612646,7.867344636927577,CPG,CPG,0.11904777546721236,0.3080067542963377,0.565744848528648,1.03750250497843,1,-1.5163325723482433,550,5,30
0.1668065040153984,0.18990989864857757,U12,VT8020,9.65851957892016,5.922942750293808,CPG,SSPG,0.11328363163797635,0.3140586434681848,0.6059835637787375,0.803191817484882,2,-1.2578660950908744,550,5,30
0.15811193367522347,0.1863255640897793,U12,MAD_M6C12,9.085113352365784,6.900984406416252,CPG,CPG,0.11469265358904379,0.30703253247568574,0.6907996544392803,0.7533248286156922,3,-1.9995222071590388,550,5,30
0.1657805752231651,0.1777172120312358,U12,MAD_M6C12,9.432141090918819,7.298429625391858,CPG,CPG,0.11228254277792069,0.31100395868670644,0.7092832437793297,0.7523681341206316,2,-1.8611216875287924,550,5,30
0.16283893415008752,0.17587743675718556,U12,MAD_M6C12,10.615739925060439,6.71860486446603,CPG,CPG,0.10287534617780397,0.3053987431742186,0.8551473257578965,0.5441129400599336,5,-1.9281091031803652,550,5,30
0.15619921097717596,0.181234896687359,U12,MAD_M6C12,10.790566309038201,6.442795775840862,CPG,CPG,0.10995646098125222,0.30626259816246854,0.8563104459150286,0.8019905515785446,2,-2.4774970256466933,550,5,30
0.16589474017986264,0.15858703609240096,U12,MAD_M6C12,10.99748660258161,7.0306642273683435,CPG,CPG,0.10654335615633269,0.3020092073254064,1.0839851459591487,0.5460817517154597,1,-2.7403277079739974,550,5,30
0.1553477390859144,0.15993890891837337,U12,MAD_M6C12,12.347530320076372,6.253288639681244,CPG,CPG,0.1032103656419116,0.3002985457939214,1.3778490015383285,0.6305997642913854,5,-3.244970797691047,550,5,30
0.1579150614395723,0.16208923148302487,U12,MAD_M6C12,12.25799039530284,7.586453543518623,CPG,CPG,0.09817882515710705,0.30000008603726863,1.293160706350992,0.6502116674910416,6,-2.831334708244871,550,5,30
0.151936213492105,0.16233109151110073,U12,MAD_M6C12,12.607220073974002,6.12248996938035,CPG,SSPG,0.10271111633771166,0.30004724104533537,1.5101202897778752,0.5826938385765463,6,-3.385514173824805,550,5,30
0.15276380146856752,0.1690251789675206,U12,MAD_M6C12,12.183875025831046,5.508204475281833,CPG,SSPG,0.10444932344930222,0.30192342890090296,1.1466566762410564,0.5492420210042988,7,-3.1815568605564586,550,5,30
0.15007550736804032,0.1802428955009594,U12,MAD_M6C12,13.543763344953229,5.024074285838546,CPG,SSPG,0.10633224375070466,0.3012440291345541,1.1733381739873512,0.7033930942255231,2,-3.7838055678273252,550,5,30
0.15213200290837658,0.1831640439221726,U12,MAD_M6C12,13.492792205705497,4.837734640012507,CPG,SSPG,0.10671249989200485,0.30091655050218047,1.0628304089198084,0.4699789493570168,5,-3.57585042873872,550,5,30
0.15165843428231005,0.1694816269476062,U12,MAD_M6C12,13.94959990279264,5.069645859975516,CPG,CPG,0.10384622319704986,0.3011232066734629,1.3621490949115176,0.7160358958105264,0,-3.8060663258642013,550,5,30
0.15012935961898044,0.17328462591761162,U12,MAD_M6C12,13.090220326651059,5.054827166049462,CPG,CPG,0.10263965842050658,0.30225321436760366,1.4310903235690857,0.7152400217928596,6,-3.730861880660878,550,5,30
0.1517556983946514,0.1710844142948188,U12,MAD_M6C12,14.775156032428459,5.614064826090707,CPG,CPG,0.10082712396757174,0.3000555216743412,1.3900823885611702,0.5301350135776741,0,-4.365350701243129,550,5,30
0.1534543075090901,0.170012122625586,U12,MAD_M6C12,13.66358454466326,6.662980344006154,CPG,CPG,0.10229886334421862,0.30004521760822234,1.1376854157446357,0.6187328491865967,7,-3.746147215961562,550,5,30
0.15087607029104627,0.17120178339432407,U12,MAD_M6C12,14.39803448744676,5.258720911264897,CPG,CPG,0.0951533593826514,0.30004245141401653,1.3952468359437356,0.4571457708256914,1,-4.080202587209985,550,5,30
0.15177070889326316,0.17082053400473146,U12,MAD_M6C12,14.290930164618885,6.000180722160707,CPG,SSPG,0.09773874012569969,0.3000065979034851,1.3911984105058464,0.5698098531464759,1,-3.9929089930829917,550,5,30
0.15251085817326196,0.17217115304348868,U12,MAD_M6C12,14.144529880358146,6.790774136872695,CPG,CPG,0.0983796919923571,0.30091414914025955,1.3167737634930397,0.4153851117765184,1,-4.165214291033449,550,5,30
0.15003715293640266,0.17376299221786173,U12,MAD_M6C12,14.422355175112308,6.610328700994688,CPG,CPG,0.10095510222040976,0.30250986989273937,1.3103685287536997,0.48468450068592395,3,-3.977950306574606,550,5,30
0.15024071969262787,0.1792883682615687,U12,MAD_M6C12,14.643087542756964,6.35301548735386,CPG,CPG,0.09796588829522695,0.30014853070973485,1.2074372739865074,0.5554625401228548,2,-4.0115107455862695,550,5,30
0.15000443443743416,0.17285320991515263,U12,MAD_M6C12,15.63035735910089,5.785616887584138,CPG,CPG,0.09736332467719155,0.3005437544479876,1.4747450643847533,0.5893449691216546,1,-4.508414184113311,550,5,30
0.1504901619780496,0.169422837698634,U12,MAD_M6C12,15.187496333406802,6.498190430389489,CPG,CPG,0.10441176054500259,0.30004969669756537,1.3362416786690205,0.596356116859988,0,-4.038278455153578,550,5,30
0.15182749938177265,0.17346821850885233,U12,MAD_M6C12,16.1919058528331,5.1878409435181565,CPG,SSPG,0.1062940491196673,0.300189392716877,1.3752247052138367,0.6319628887560182,2,-4.6028024461018235,550,5,30
0.15021958034451274,0.17856026117352314,U12,MAD_M6C12,15.95926280442254,6.136189273888287,CPG,SSPG,0.10824411812582477,0.3009477162003808,1.3851531353342523,0.6209830108849963,6,-4.260758490557379,550,5,30
0.15000676950299832,0.17521185927653732,U12,MAD_M6C12,16.202380955966113,6.512472629433859,CPG,CPG,0.10519713674131989,0.3001290760803716,1.4558281731051816,0.5708207309603868,4,-4.609530299780552,550,5,30
0.15004222222791486,0.17216423786242735,U12,MAD_M6C12,15.713277972392621,6.972767462195935,CPG,CPG,0.10837077218349321,0.3001124993721148,1.4745135242976073,0.6875434700291225,6,-4.6657898183778475,550,5,30
0.1500933799775036,0.1780893133112288,U12,MAD_M6C12,17.622899734652606,5.724547048346207,CPG,SSPG,0.1075344486461309,0.30087979553624106,1.4368829539894288,0.6327234795163363,0,-4.798000525062661,550,5,30
0.15165359747298912,0.17483761808589385,U12,MAD_M6C12,17.53732072591769,5.8827785785952385,CPG,SSPG,0.10667628098811224,0.3000217336267686,1.5104585993114248,0.5350091842714018,0,-4.963282317657145,550,5,30
0.15006887058367363,0.17583354795718853,U12,MAD_M6C12,17.9750572115789,4.72614618937031,CPG,CPG,0.10164841468905975,0.3001976073229975,1.5517988478759464,0.5910547250422251,3,-4.775012880365684,550,5,30
0.1500173266238786,0.17747221747977268,U12,MAD_M6C12,17.473915813353038,4.772875929239783,CPG,SSPG,0.1018141258366764,0.30053564185700143,1.518070455576183,0.6390111364057502,2,-4.765478365223681,550,5,30
0.1503320614943112,0.17498598711973654,U12,MAD_M6C12,18.212143361010607,4.829972688348512,WPG,SSPG,0.09499338180072561,0.30022034113518,1.5515720274822644,0.6887996280770983,6,-4.6106382363423615,550,5,30
0.1504349768563168,0.17769826110486275,U12,MAD_M6C12,18.28676713885845,5.06533195437023,WPG,CPG,0.0994383867821908,0.30001019351594044,1.4710592836747456,0.6228652053797088,7,-4.622565700487338,550,5,30
0.15001378128251325,0.18108661004758253,U12,MAD_M6C12,17.91279254419645,5.512635994904212,CPG,SSPG,0.10295831670837795,0.3011016402554848,1.3775102139652182,0.6074794291061374,4,-4.6202469708999985,550,5,30
0.1509513577125834,0.17783693683548504,U12,MAD_M6C12,17.27874364344194,5.492133108772648,CPG,SSPG,0.10519959858470196,0.30183901380690004,1.4395712973280497,0.5454039614103441,0,-4.647199834950949,550,5,30
0.15000372424619612,0.17557889470742552,U12,MAD_M6C12,17.78835462303622,5.523398624889571,CPG,SSPG,0.10676842857491642,0.3000003581559132,1.5552869250416457,0.5908077915143903,3,-4.9641068256182415,550,5,30
0.15018989378607106,0.17968640674463185,U12,MAD_M6C12,18.593052535564404,5.78648923377027,WPG,CPG,0.10989031166939481,0.30001034567151336,1.463835640266726,0.6102636696049002,0,-4.8013468415361125,550,5,30
0.15003294015640883,0.18061312365046653,U12,MAD_M6C12,18.22279662490582,5.864522640596348,WPG,SSPG,0.10559918922949839,0.3022686290682548,1.4951572895568694,0.5941247909961453,1,-4.780920076299175,550,5,30
0.15003518701055177,0.18044392147907298,U12,MAD_M6C12,17.90452890610328,6.014393765443018,CPG,SSPG,0.10860720112376418,0.3012400708809448,1.4026812281648875,0.6455733403608241,4,-4.77640278437709,550,5,30
0.15047987718745245,0.17694349741691276,U12,MAD_M6C12,18.95615244702121,5.727627093036011,WPG,SSPG,0.105441409318739,0.30055226762526976,1.5220721101050239,0.6588537233266112,0,-4.751727743335382,550,5,30
0.1507149276250107,0.17610085758264407,U12,MAD_M6C12,18.12529084696706,6.7632116138554155,WPG,CPG,0.10974532863683059,0.3000764966524383,1.475783665109535,0.6497481786114605,5,-4.93353652680256,550,5,30
0.15003333545832698,0.1775792550621381,U12,MAD_M6C12,18.31855494595853,6.521668890889607,WPG,CPG,0.10759032932367393,0.30058299429010926,1.5283877714163732,0.6664696531764416,7,-4.858806996325882,550,5,30
0.15046566063071606,0.17615500925277128,U12,MAD_M6C12,18.121543609147416,6.984235668597382,WPG,CPG,0.11050633008952275,0.300000000036632,1.4587832026562448,0.5690488139211647,1,-4.792234744614471,550,5,30
0.15000706820829732,0.17695604498398743,U12,MAD_M6C12,17.451273930078187,6.614391135538579,CPG,CPG,0.11296674770194216,0.30011643648508246,1.4167462695309965,0.6705113853653626,3,-4.9718439150364295,550,5,30
0.15105674950584366,0.17599902371939674,U12,MAD_M6C12,17.387887713840016,6.679375196322341,CPG,CPG,0.11126983014336378,0.300148864863618,1.4232386617127968,0.6425332739758018,4,-4.901984173203675,550,5,30
0.15056057426809383,0.17578911499836364,U12,MAD_M6C12,18.280614955254862,6.1911335833714585,WPG,CPG,0.11093247911656144,0.30044352987697004,1.532969804786703,0.6024916077436386,4,-4.933310457356774,550,5,30
0.15072012157068712,0.17657919498093444,U12,MAD_M6C12,17.885605252785194,6.506482423742895,CPG,CPG,0.11173916513935223,0.30066077037698724,1.4482607791745634,0.631154681674754,2,-4.984708474977055,550,5,30
0.15012625024906825,0.17528845300039125,U12,MAD_M6C12,17.861523713089895,6.3206623068013945,CPG,CPG,0.11201151162324008,0.3000203474313607,1.4928872898309304,0.6460139674332259,7,-5.04844777402384,550,5,30
0.15001942469786764,0.17691775748115648,U12,MAD_M6C12,18.249392719935123,6.424749044434693,WPG,CPG,0.11103917004889219,0.3000089859392637,1.5236902476504466,0.6089900331635727,2,-5.0274189764381605,550,5,30
0.1500874032601441,0.17574302708593104,U12,MAD_M6C12,17.693853158497244,6.624021073224927,CPG,CPG,0.11127730307527586,0.30004472941942323,1.4919504498127147,0.5987496573727662,4,-5.0266902519782,550,5,30
0.1503767204207626,0.17313398691850992,U12,MAD_M6C12,17.827423702493988,6.8509658464179095,CPG,CPG,0.11180485216081695,0.3000009458770655,1.556156029470684,0.6290949408122399,2,-5.069028888431156,550,5,30
0.15108206638238206,0.17343870730046332,U12,MAD_M6C12,17.67032780199588,6.695796684983077,CPG,CPG,0.1115434510054037,0.300095158397174,1.5361719029704388,0.6061441428808876,0,-5.152799940099489,550,5,30
0.150420561467185,0.17322764113925698,U12,MAD_M6C12,17.444112891569375,6.788955606954829,CPG,CPG,0.10986115665047877,0.3000010536294204,1.5375819450196595,0.6166835849894485,2,-5.085670448223464,550,5,30
0.15100423328236595,0.17320781985195824,U12,MAD_M6C12,17.537981870004316,6.757498741486845,CPG,CPG,0.11034742578554532,0.3000021300204753,1.5387161159535154,0.5954285277020439,3,-5.1149793937532735,550,5,30
0.15007440963405588,0.1753211295280832,U12,MAD_M6C12,17.634360108267664,7.015093187296841,CPG,CPG,0.1104382185878316,0.30007882993755997,1.531370209270304,0.5832310854152598,3,-5.110521557091994,550,5,30
0.15060179468739385,0.17408475873020152,U12,MAD_M6C12,17.987813689247368,7.2628620377441955,CPG,CPG,0.11302153496310605,0.30067442026042707,1.5463666349593428,0.6106009160540382,4,-5.152092774476724,550,5,30
0.1502618468397708,0.17563688738211694,U12,MAD_M6C12,17.59391608265009,6.912760282798695,CPG,CPG,0.11192776212897676,0.3005081203834909,1.487373957893189,0.6257706651836967,4,-5.084030278342729,550,5,30
0.1504654910315311,0.1744276490674781,U12,MAD_M6C12,17.740634401193887,7.044125300485584,CPG,CPG,0.11279229095311884,0.30071918457450814,1.5288565390785316,0.6099291663162747,1,-5.096875712892576,550,5,30
0.15134037919125876,0.17406166911672688,U12,MAD_M6C12,17.373702339793937,7.388481608110059,CPG,CPG,0.11289057375297235,0.30014275915336086,1.4648935416879139,0.6060804340639359,1,-5.109918215231273,550,5,30
0.15031010449122176,0.17511579857083998,U12,MAD_M6C12,17.355172631832964,7.113126107629081,CPG,CPG,0.11375602895837879,0.3000605061681128,1.4762816140976496,0.6739449669769333,1,-5.0937666762097225,550,5,30
0.1507090707906481,0.17322272298468003,U12,MAD_M6C12,17.372526620967655,7.664533472910277,CPG,CPG,0.11164348359959447,0.3001818398232469,1.5133841885034847,0.6109844786131582,3,-5.135999418721678,550,5,30
0.15081778783752936,0.1733947008709586,U12,MAD_M6C12,17.36913810780946,7.718423362091606,CPG,CPG,0.11181762858903166,0.3001494991437436,1.4860394007061528,0.6406166074328548,7,-5.113628435679306,550,5,30
0.15094218448232835,0.1743909348579613,U12,MAD_M6C12,17.334633143762787,7.797085412265679,CPG,CPG,0.11405786927391388,0.3000139585459887,1.4466778882888043,0.6982476094525651,0,-5.105638930957555,550,5,30
0.151610673544354,0.17246165398181368,U12,MAD_M6C12,17.357829656161883,7.82738485959079,CPG,CPG,0.11346693541895907,0.30006166978319965,1.4697947456996427,0.7160506804905467,0,-5.202574835458703,550,5,30
0.1506902252512504,0.17433649421939829,U12,MAD_M6C12,17.423620145932084,7.607211629829917,CPG,CPG,0.114956754801199,0.30001731046061203,1.468104617664506,0.7482273453634511,7,-5.146435197759819,550,5,30
0.15037910536230187,0.17491031216698907,U12,MAD_M6C12,17.718481150727435,6.818246636423588,CPG,CPG,0.11742364992313441,0.30021899603757485,1.5059581901916728,0.7627395769158825,3,-5.277420316346743,550,5,30
0.15132096908932963,0.172685920714251,U12,MAD_M6C12,17.392985221311665,7.386503161468146,CPG,CPG,0.11981877310734798,0.3000335823436539,1.468647064055498,0.8483187087096407,2,-5.335147703214817,550,5,30
0.1500153570870914,0.17264272972289574,U12,MAD_M6C12,17.21576112224735,7.314359102654084,CPG,CPG,0.11638798468200079,0.3000527148701713,1.5449162140006747,0.7758253076484332,1,-5.2973639180489585,550,5,30
0.15026796833216696,0.1733736794068499,U12,MAD_M6C12,17.519127094938717,7.3198190510175305,CPG,CPG,0.12171118890066251,0.3000040676737831,1.5333731287020231,0.8679355147961911,6,-5.4085579395142505,550,5,30
0.15001752769526566,0.1725938796402282,U12,MAD_M6C12,16.99013094271306,7.012089201262137,CPG,CPG,0.11965890437934111,0.3000921772864846,1.5907791910817988,0.8040255363852742,0,-5.471350320204612,550,5,30
0.15087473487037675,0.1713070311053242,U12,MAD_M6C12,17.268907934771775,7.274029569717234,CPG,CPG,0.11806277666746927,0.30000621481621775,1.6062278017145268,0.8403569958525172,1,-5.487287320172283,550,5,30
0.15072935754395836,0.17067846998770614,U12,MAD_M6C12,17.94757708242976,7.192548209641376,CPG,CPG,0.11832827167011627,0.3002014050028848,1.6953790259479327,0.8074463070562357,1,-5.452812454826745,550,5,30
0.15100324938599166,0.1719782790464713,U12,MAD_M6C12,17.750499365176264,6.679860937987975,CPG,CPG,0.12340048641971514,0.30001050201005053,1.6776282307309769,0.7638481386295668,3,-5.420416455747112,550,5,30
0.15130368514289186,0.1688538555247701,U12,MAD_M6C12,17.06696012489573,7.540394621499322,CPG,CPG,0.1212547292655356,0.3000072421229288,1.7081197594015598,0.7979500891885376,3,-5.598973837113159,550,5,30
0.1542169129696239,0.16516966509311692,U12,MAD_M6C12,17.232690341822554,7.601723854440966,CPG,CPG,0.12282546818721635,0.3000000976422604,1.7577284017466073,0.8001003986841826,1,-5.659097318553587,550,5,30
0.15061382983468272,0.1698465544528996,U12,MAD_M6C12,18.10723171080918,6.670633334726226,WPG,CPG,0.12222824315204947,0.30000032460839576,1.7985152305675685,0.8409336292118805,5,-5.58107843770529,550,5,30
0.15001469313951254,0.17116911887375702,U12,MAD_M6C12,17.22691841123234,6.068027957846626,CPG,SSPG,0.1229318680856131,0.30000650959715147,1.736974305640456,0.8739337505050995,4,-5.697199409043335,550,5,30
0.1504569604023884,0.17189159018846945,U12,MAD_M6C12,17.41684046196835,7.375220480058246,CPG,CPG,0.12495836733151779,0.30014659694992396,1.6574976892470992,0.9284896238402984,1,-5.316008363366473,550,5,30
0.15000341922668783,0.17111938841540897,U12,MAD_M6C12,17.47358800658258,5.745693541177143,CPG,SSPG,0.12502631844735013,0.3004963155402514,1.7925146738859916,0.8889956969437245,4,-5.683136963503564,550,5,30
0.15018747901753896,0.17047114647216408,U12,MAD_M6C12,17.614796203865144,7.114857726883882,CPG,CPG,0.12250309578867026,0.3008780138181105,1.808851994269621,0.9138642926732383,2,-5.65949032419914,550,5,30
0.15015493452885711,0.17086285102883134,U12,MAD_M6C12,16.56062643550943,7.035257640048062,CPG,CPG,0.12544370706612296,0.3006825665305283,1.7493654240020309,0.9575900010121523,2,-5.814304273666133,550,5,30
0.15003196152401654,0.16986475936134227,U12,MAD_M6C12,17.180120059475072,7.060198295124501,CPG,CPG,0.1269449528528932,0.30072675318888265,1.8157177297802929,0.9854825648743382,2,-5.855193261709783,550,5,30
0.15052641780265394,0.17111359739384974,U12,MAD_M6C12,17.277066570109756,7.356757597621419,CPG,CPG,0.12451834882381076,0.3024482287422861,1.890029521276853,0.9044945013038443,6,-5.935959155805382,550,5,30
0.15000049036136526,0.1713340625789521,U12,MAD_M6C12,17.511395219225747,6.957573241024182,CPG,CPG,0.12521150279712817,0.3006564169858493,1.7929065069027,0.837326620159073,6,-5.740841528066477,550,5,30
0.15049033200646075,0.17293762509222607,U12,MAD_M6C12,17.64514463507998,6.652127974389545,CPG,CPG,0.12346254724829046,0.30238667497060323,1.7973365589201762,0.810491771535168,4,-5.713734156648286,550,5,30
0.15056219774079743,0.1718678362960418,U12,MAD_M6C12,17.69398974549518,6.76809438910459,CPG,CPG,0.12098764381292011,0.302106707026731,1.7663460563617661,0.8036737770524969,3,-5.6000957329393914,550,5,30
0.15057854082106628,0.1717735140115255,U12,MAD_M6C12,16.957371793069417,6.723431510330081,CPG,CPG,0.1233479473496739,0.30188314046993675,1.747278084242113,0.7416281833039493,7,-5.475757400241233,550,5,30
0.1504347037427592,0.17000993355688693,U12,MAD_M6C12,18.041044143575846,7.323724761610176,CPG,CPG,0.11504663115315024,0.3009981036338694,1.7879265976439933,0.7602841069644275,6,-5.421401689766855,550,5,30
0.15133734200164656,0.16991090496234643,U12,MAD_M6C12,17.24438442882488,6.861603816040577,CPG,CPG,0.11640132252110447,0.30163939180521904,1.812299018030983,0.7685250100699603,4,-5.643867975764822,550,5,30
0.1531099897100591,0.17011273123158122,U12,MAD_M6C12,17.815910055839062,6.4264083717442375,CPG,CPG,0.12235869466111172,0.30364933780689096,1.98105770143468,0.8237347232811731,4,-5.521580431509238,550,5,30
0.15142507396711546,0.16898567869008274,U12,MAD_M6C12,17.294371233742673,7.362969144617901,CPG,CPG,0.12087856152692494,0.3015277426703869,1.9177007054652584,0.830542776807107,2,-5.550624897601494,550,5,30
0.1531628065744392,0.16829746002195978,U12,MAD_M6C12,17.187677518533093,6.303535804154663,CPG,CPG,0.11829316224494431,0.3033092762783514,1.988030623709366,0.7867840531685557,6,-5.874658990988969,550,5,30
0.15343528071615345,0.16757469522392432,U12,MAD_M6C12,17.587548345385805,6.217580702763547,CPG,CPG,0.12023789949106947,0.30300541295484995,1.99076144266527,0.8711699558947918,5,-5.874669141167064,550,5,30
0.15191672067714107,0.16856980476828767,U12,MAD_M6C12,16.86392232237813,6.117219605038814,CPG,SSPG,0.12253705501882246,0.30162381628818075,1.889162196791378,0.8910635491320602,6,-5.862466677893467,550,5,30
0.15222911827293642,0.16812335642584555,U12,MAD_M6C12,17.417861698892835,6.120800794543857,CPG,SSPG,0.11880998357029827,0.30119921575710906,1.9023038409570356,0.9088935307647334,2,-5.4841897835870475,550,5,30
0.15069354230607185,0.16901758417778137,U12,MAD_M6C12,17.266737820193953,5.693362666848692,CPG,SSPG,0.11925188813705845,0.3007934465538567,1.9098720955415938,0.9275244254608053,1,-5.768506599213332,550,5,30
0.1519858837724327,0.16653465470578072,U12,MAD_M6C12,17.42378552865383,6.405095102250598,CPG,CPG,0.11872956212787465,0.3008664307814883,1.9621261562765653,0.9539073916127769,2,-5.90584977648955,550,5,30
0.15138450341380683,0.16807785291661248,U12,MAD_M6C12,17.483656122111874,6.336338682231872,CPG,CPG,0.12149761926147025,0.3006318526940466,1.8858281504040961,1.0645714534874626,7,-5.859229632852924,550,5,30
0.15179195776088186,0.1664834580435375,U12,MAD_M6C12,17.56482323797306,6.58361822969174,CPG,CPG,0.11959886263318222,0.30070157097519506,2.0067774910584486,1.0149098856840113,7,-5.87982839731202,550,5,30
0.15236185314014328,0.16545790639362248,U12,MAD_M6C12,18.50830389127398,5.4989987745389595,WPG,SSPG,0.11722000501251684,0.30096168616595914,2.0861210062863784,1.0770694236622589,4,-5.567991570416915,550,5,30
0.15169147704501126,0.16655013388612908,U12,MAD_M6C12,18.723491126108232,5.587048730034082,WPG,CPG,0.11734565373761562,0.3000855746170748,2.002587053191457,1.0717428928873782,3,-5.66356660204537,550,5,30
0.15185487705111067,0.16608397759241722,U12,MAD_M6C12,18.2230196194416,6.352826159011345,WPG,CPG,0.11626920349893295,0.30037055682355895,1.9716774687330791,1.0730993044435362,2,-5.702460273564203,550,5,30
0.15095151468240944,0.16715323490520848,U12,MAD_M6C12,17.748657867941876,6.992685369525303,CPG,CPG,0.1180864979098969,0.3001727339861146,1.8612701732101045,0.9863281962263097,5,-5.6112102646639235,550,5,30
0.15059131758917058,0.16899080413722287,U12,MAD_M6C12,17.884703568515313,6.958755861261774,CPG,CPG,0.12244873909993359,0.30069706801209084,1.8643153959837537,0.9481180256879504,4,-5.680848916182621,550,5,30
0.1505483844980322,0.16972422877878782,U12,MAD_M6C12,18.057482622353096,6.608799930019101,WPG,CPG,0.12244992643297481,0.3008174036106863,1.9212992781236393,0.8880665996446848,5,-5.702248726581826,550,5,30
0.15070317602594216,0.1687175869672396,U12,MAD_M6C12,17.83991151864454,6.7188413779742024,CPG,CPG,0.11852696868705766,0.3008844217741287,1.9542751812373738,0.8774801161448318,3,-5.7116270413487165,550,5,30
0.15155020625744606,0.16705158581933977,U12,MAD_M6C12,17.59371885228093,6.862589753427434,CPG,CPG,0.11656333408630669,0.30118735109409756,2.010945366760754,0.8889358371107949,2,-5.839383176875971,550,5,30
0.15246627666502055,0.16552338087250842,U12,MAD_M6C12,17.606784254620322,6.8855013599245325,CPG,CPG,0.12301355046065805,0.30116164364642006,2.045096048764029,1.0428239256206822,7,-5.969835427880724,550,5,30
0.15196554764251305,0.16579048296387908,U12,MAD_M6C12,17.825770964743764,6.958988834111737,CPG,CPG,0.12341335542842195,0.3004332117566961,1.9970366975824987,1.0952803335238364,6,-5.970257457000399,550,5,30
0.15252549903502463,0.16584787693929318,U12,MAD_M6C12,17.756931424166904,6.66787453184613,CPG,CPG,0.12327509005155587,0.3009195082769213,2.071255233712787,1.0257355580866379,4,-6.060861346478262,550,5,30
0.15245513305579064,0.16573323650858174,U12,MAD_M6C12,17.371228133887254,6.91446936002961,CPG,CPG,0.12555265538601085,0.30063539039712633,1.9872969161065848,1.1187816609702734,4,-6.100650114594071,550,5,30
0.15241462592371494,0.16656102996587369,U12,MAD_M6C12,17.77841879515598,6.810517143981033,CPG,CPG,0.131476011233377,0.3004638669285725,1.9767851809557064,1.1104284351406424,2,-6.186607954157684,550,5,30
0.15265222870224482,0.1642296044184447,U12,MAD_M6C12,17.64911786720088,6.950642024306433,CPG,CPG,0.12948772616640136,0.30025709252733307,2.0480552474466447,1.1729561960959365,2,-5.917423342825879,550,5,30
0.1530679238062686,0.1655812687487474,U12,MAD_M6C12,17.771099381442532,7.096878758892285,CPG,CPG,0.12556560134025757,0.3002434733122043,1.926916280287017,1.0936434051559734,5,-6.068742685826322,550,5,30
0.15464945869760566,0.16370284461686457,U12,MAD_M6C12,17.578672585311068,6.703133265506574,CPG,CPG,0.13104707091631945,0.3009561101624108,2.0939034691587333,1.179506856350534,5,-6.366066391171827,550,5,30
0.15427889807759082,0.1631201105771286,U12,MAD_M6C12,17.72446441790926,7.103945700746845,CPG,CPG,0.13773154400456689,0.3002902883567034,2.102890754199481,1.2244166789441007,1,-6.441613813761948,550,5,30
0.1546396989682012,0.16517942286916995,U12,MAD_M6C12,18.627075298516623,6.701497589321195,WPG,CPG,0.12907950492309794,0.30201870760237143,2.071397937329256,1.0693482529433673,1,-6.046901557240889,550,5,30
0.15497806483866045,0.16669409475314606,U12,MAD_M6C12,18.51566629278973,6.97204984714137,WPG,CPG,0.125728801231642,0.30320329728925594,2.0005670480795636,0.9933764959194846,2,-5.991418001033501,550,5,30
0.15618621908981137,0.1653230481788748,U12,MAD_M6C12,18.691800934729024,6.571267267262741,WPG,CPG,0.13229937274577536,0.30276829627749313,2.0472787703992505,1.1439202097032144,2,-6.298407865300516,550,5,30
0.1532859553938903,0.16675311265866777,U12,MAD_M6C12,17.865243253450863,7.642456684616976,CPG,CPG,0.13209626610526987,0.30193443705092715,2.0173812981929227,1.0465027390533241,6,-6.263026950932178,550,5,30
0.1564502223819382,0.16560660495825152,U12,MAD_M6C12,19.402097943799824,6.602249111308917,WPG,CPG,0.1325388857803987,0.30319942857492926,2.118245858471103,1.1828503798377796,0,-6.141304848536576,550,5,30
0.15555938982234888,0.1645890967880182,U12,MAD_M6C12,18.39591991097793,6.678392410500807,WPG,CPG,0.13044757615373592,0.30197646562399616,2.107918912042693,1.1179664439332004,2,-6.234392208830379,550,5,30
0.15546662441319137,0.1653832196958684,U12,MAD_M6C12,18.60259601034636,6.313231236531852,WPG,CPG,0.13413436976621249,0.3021681172338023,2.154432253464681,1.1124083544311096,7,-6.213003145721075,550,5,30
0.15482310989314366,0.16431117677954876,U12,MAD_M6C12,17.819124255571737,7.186556654084928,CPG,CPG,0.13705872239907863,0.30174287248278403,2.0658973998912047,1.2589747260064992,1,-6.402097304934924,550,5,30
0.1559620144293402,0.1634168876501488,U12,MAD_M6C12,18.161251410617666,6.9677126917612995,WPG,CPG,0.133501768200647,0.3016330013621333,2.1089219646576876,1.2010957668408562,3,-6.421481608870985,550,5,30
0.15678106239048295,0.16454728873504035,U12,MAD_M6C12,19.116249842621166,6.461635714708885,WPG,CPG,0.13627366742136598,0.3017198677261397,2.133800367748776,1.2379124100308259,7,-6.438472692230732,550,5,30
0.15642605371908655,0.16308754933589026,U12,MAD_M6C12,18.973527142426065,6.706090230179253,WPG,CPG,0.13692691349669778,0.3012833209990768,2.172718213777428,1.311531559842018,6,-6.5380554324402675,550,5,30
0.1570736306057686,0.16330174844755035,U12,MAD_M6C12,18.526823193988783,6.480941801897513,WPG,CPG,0.1358762908523991,0.30294013573208545,2.190659575734887,1.2385949529997697,1,-6.5480303974892395,550,5,30
0.15636672846052443,0.16269838362386066,U12,MAD_M6C12,18.801805294676093,6.321243200975045,WPG,CPG,0.14239589112028064,0.3017457971523738,2.210935867261288,1.3347445271856717,3,-6.454651618582934,550,5,30
0.15825360296835916,0.1620581593320185,U12,MAD_M6C12,18.649006631141255,6.444005979356284,WPG,CPG,0.1369359482838599,0.3026487723134818,2.2192469926557945,1.2635292303215877,2,-6.687322223904914,550,5,30
0.15872631799749862,0.16235170619819164,U12,MAD_M6C12,18.83667988960811,6.492391394562048,WPG,CPG,0.14119909236165437,0.30376965736429307,2.226181233826081,1.2981939381215537,6,-6.579137480408264,550,5,30
0.160504936449497,0.16231056455540813,U12,MAD_M6C12,19.05317944536755,6.016183851699894,WPG,SSPG,0.13595359010779196,0.30464288601041006,2.203601775214818,1.2917801965369748,3,-6.621073011972929,550,5,30
0.1623631964585202,0.1606399435241017,U12,MAD_M6C12,19.400666931789893,5.674593905546907,WPG,SSPG,0.13832504870874812,0.30535319883822754,2.3176859313421727,1.307734577091027,4,-6.905584219441408,550,5,30
0.15896121129452054,0.1630963612216653,U12,MAD_M6C12,19.371981624684338,6.367455431984409,WPG,CPG,0.1400106927472834,0.3044124516026028,2.2525303965225394,1.2737870272947625,3,-6.697267940724927,550,5,30
0.16052341599341002,0.16323908261741932,U12,MAD_M6C12,20.327619756497583,6.079055990474062,WPG,SSPG,0.13966714406589364,0.30614084785252693,2.279352563332133,1.2135326172680463,0,-6.762532103695569,550,5,30
0.16159326950038935,0.16323778044477555,U12,MAD_M6C12,19.899823035728332,5.6008928800466125,WPG,CPG,0.13753588763953695,0.305624917850969,2.2465164032182336,1.1959941054004188,6,-6.473768495059956,550,5,30
0.16334684490855597,0.16159466766401467,U12,MAD_M6C12,20.450816609068433,5.7566504419515026,WPG,CPG,0.14105960590492062,0.3075003799459045,2.397434803910196,1.2366335505328978,7,-6.790333408296098,550,5,30
0.16397406192537156,0.16191673242648918,U12,MAD_M6C12,20.754738765726856,5.333598437975338,WPG,CPG,0.1392241530592226,0.3081332163979337,2.4150579613863608,1.1955143298775446,1,-6.998747613187186,550,5,30
0.16554328317886138,0.16095183049741416,U12,MAD_M6C12,20.716774728758438,5.519580033707459,WPG,SSPG,0.13762251590799585,0.3088174526323774,2.4491743820954586,1.2494544604201052,5,-7.037881020547003,550,5,30
0.16217955697954786,0.16078979967531534,U12,MAD_M6C12,19.177508084760586,6.044347053452737,WPG,SSPG,0.1381538557056487,0.30566558168559826,2.354399339831307,1.2658677935590665,3,-6.873388164177616,550,5,30
0.16509579982450615,0.15948635449151083,U12,MAD_M6C12,19.499498411914285,6.170687563572524,WPG,CPG,0.13509526616580747,0.30809034942622215,2.467729723080641,1.2576250225158385,1,-6.878985069884154,550,5,30
0.16396294309075823,0.16137623791576375,U12,MAD_M6C12,19.824468782583736,6.666502870722258,WPG,CPG,0.13916258039482307,0.3078111561269846,2.3505333046715915,1.295622817973535,1,-6.857523135362502,550,5,30
0.1658387697465053,0.16116595448380636,U12,MAD_M6C12,20.11678937927434,6.016757744924783,WPG,SSPG,0.14034049700408047,0.30902095184829365,2.3791392464134082,1.2595394405567553,4,-6.9160950862166795,550,5,30
0.16551599773870984,0.15984921983141748,U12,MAD_M6C12,20.493180825526508,5.325225644874551,WPG,CPG,0.14281423609338928,0.3066978261674764,2.46897506305963,1.3276789006276397,6,-7.141901432686963,550,5,30
0.16769152126685827,0.15965665892620015,U12,MAD_M6C12,20.60500014285625,5.960276233691159,WPG,SSPG,0.14180449040922527,0.31019361386942756,2.5222704787394363,1.2600009636728005,4,-7.186417008458586,550,5,30
0.1732146390697795,0.15815968561878402,U12,MAD_M6C12,21.62483268361657,4.443853614348546,WPG,SSPG,0.14769243435586055,0.31429752998347943,2.726259616555915,1.3402086554778858,3,-7.7086940659915415,550,5,30
0.16861713677986667,0.1586825035454099,U12,MAD_M6C12,21.406129790202513,4.5445933115098445,WPG,CPG,0.1475497475894466,0.3078082878652352,2.5914153752648956,1.3908394116008922,5,-7.88767904070039,550,5,30
0.16776370917880734,0.1585451436376719,U12,MAD_M6C12,21.372128273582607,4.8881312920365545,WPG,CPG,0.14150595655570838,0.3078655893487625,2.594148574983213,1.320925535553311,5,-7.587223171147833,550,5,30
0.17030891801317877,0.15706482023257715,U12,MAD_M6C12,22.710126405072465,4.572320516375145,WPG,SSPG,0.14553647193668273,0.3108749307999069,2.681758664757918,1.3376686617555782,3,-7.871241012368757,550,5,30
0.17293618592183646,0.1564800697881691,U12,MAD_M6C12,22.311985378872624,4.184627294453833,WPG,CPG,0.14946109236500493,0.3123122701804388,2.772064638665934,1.424709225358248,5,-8.018273787230607,550,5,30
0.17163718817185958,0.15739259922776458,U12,MAD_M6C12,23.293630506776108,4.049917157151753,WPG,CPG,0.14730055535703795,0.31074607160555695,2.740226768028962,1.3905100896734695,5,-8.5675503677729,550,5,30
0.17398069058156904,0.15585354942662916,U12,MAD_M6C12,24.029150047237202,4.006230491085966,WPG,CPG,0.1465962954886575,0.31249530789431945,2.828044379970362,1.422701996869391,6,-9.071306467412477,550,5,30
0.16677487610339453,0.1587712043576438,U12,MAD_M6C12,22.999443045222403,4.15630683978649,WPG,CPG,0.1456969036550184,0.30711949434012886,2.660138467502823,1.3532055766006788,1,-8.469967160915482,550,5,30
0.1682157744583054,0.15859539289757374,U12,MAD_M6C12,23.21781183133762,4.16738129657204,WPG,CPG,0.1474573328732976,0.30768634698620057,2.596884883362768,1.3472571720488955,2,-8.61894936691138,550,5,30
0.16922012243348913,0.1591689881344731,U12,MAD_M6C12,24.02925487901199,4.00268329908155,WPG,CPG,0.1473493637190095,0.30966809855399685,2.701264361411394,1.3634520648423285,6,-9.057767548227412,550,5,30
0.1686960823967435,0.15835361968753264,U12,MAD_M6C12,24.376845275699328,4.043525495325704,WPG,CPG,0.14866695515459855,0.30801570072337103,2.673802018532636,1.4189121579094697,3,-9.165211973809363,550,5,30
0.16941531126086778,0.158209470492147,U12,MAD_M6C12,24.323268528387533,4.033083206441487,WPG,CPG,0.1484420091860868,0.30819202689524644,2.758744481445075,1.3317523731167267,0,-9.20791768933578,550,5,30
0.17088802442371925,0.15632196473901178,U12,MAD_M6C12,24.99955546331532,4.022519152143406,WPG,CPG,0.1489173328549889,0.3086249971089098,2.8798716292268214,1.3692473103543508,2,-9.89882706727175,550,5,30
0.17359296529660084,0.15567712903423317,U12,MAD_M6C12,24.981374471148623,4.0432347877441535,WPG,CPG,0.14999645242962398,0.31117964994152303,3.0031726216665464,1.355634168370627,1,-10.097269854736133,550,5,30
0.17182357975600018,0.1560814088524719,U12,MAD_M6C12,24.97255292720691,4.046056701076482,WPG,CPG,0.14648161050591663,0.30917013613751954,2.9466691881299574,1.3144676775360793,0,-9.705506150717357,550,5,30
0.17202256169461713,0.1551382107739227,U12,MAD_M6C12,24.790825643394744,4.204424397362776,WPG,CPG,0.14947039049834376,0.3096347848913423,3.0375175826989422,1.446317540787835,0,-9.83272512656167,550,5,30
0.17188549681692106,0.15360920932915018,U12,MAD_M6C12,24.996706895327428,4.248763077789398,WPG,CPG,0.14980346925740398,0.3077807166447843,3.1321833942963266,1.3444446723245926,7,-10.567001429589643,550,5,30
0.17509916936485753,0.15294483944535528,U12,MAD_M6C12,24.63066696584827,4.645392949870093,WPG,SSPG,0.1495704929604043,0.31089179872749784,3.1524320077858983,1.3578608508768824,1,-10.5886081638261,550,5,30
0.1743137263752247,0.15374384924844467,U12,MAD_M6C12,24.985259290064583,4.620096287769169,WPG,SSPG,0.1495002956766377,0.3104611691754426,3.161155098567943,1.3314032142280952,0,-10.600013425713227,550,5,30
0.17192248734592103,0.15488267156693852,U12,MAD_M6C12,24.950293527257692,4.386297050931009,WPG,SSPG,0.1494064519627755,0.3082418607537601,3.0311647093576064,1.380032146105591,6,-9.986104166220008,550,5,30
0.17099103423469314,0.15407123359029185,U12,MAD_M6C12,24.94235092509496,4.456421777858769,WPG,CPG,0.14937284079858504,0.3085418496101591,3.0427514921930268,1.3585865120896399,7,-9.025720597177912,550,5,30
0.1708808364951407,0.1539909671358722,U12,MAD_M6C12,24.95636847783097,4.666136058784087,WPG,CPG,0.14924592830865352,0.3072575412342337,3.127248992557958,1.4003602916437319,7,-10.266815309842059,550,5,30
0.17373681292377596,0.15280163470514468,U12,MAD_M6C12,24.99123511213219,4.96518141662846,WPG,SSPG,0.14938921903537283,0.3094388757705401,3.2209158086880127,1.4266715109150252,2,-10.765081957377777,550,5,30
0.17139499974465436,0.15413267490118468,U12,MAD_M6C12,24.999296485654373,4.754825683993308,WPG,SSPG,0.1498598635071206,0.3079386731029289,3.1112695756646698,1.4286871124794795,2,-10.634593225135493,550,5,30
0.17122529134883993,0.15351162137413193,U12,MAD_M6C12,24.995710700323983,4.415897261335717,WPG,SSPG,0.14959121643094064,0.30708938083266274,3.0273516192695977,1.4465486209991938,6,-10.32376681640507,550,5,30
0.17271889974989624,0.15316029043120866,U12,MAD_M6C12,24.74615025646609,4.77914108461243,WPG,SSPG,0.1490661303949921,0.3084283809165936,3.1215793632634297,1.412341109072481,2,-10.230572246436381,550,5,30
0.17017786509393726,0.15467935066560176,U12,MAD_M6C12,24.976431941605444,4.9645057849264775,WPG,SSPG,0.14999000500241383,0.30699529222379074,3.0814230078144202,1.432749456097202,5,-10.61884267468703,550,5,30
0.17182774048273652,0.15444212750414474,U12,MAD_M6C12,24.978621051668405,4.870290830512508,WPG,CPG,0.14981131800088437,0.3083234133921334,3.132337856113089,1.433458123232651,6,-10.37489976250895,550,5,30
0.17048178611934955,0.15475964407635207,U12,MAD_M6C12,24.98931999983242,5.080523448448713,WPG,CPG,0.14983972014171104,0.3073126215761348,3.1296136876390195,1.4497014544384088,2,-10.31198787810671,550,5,30
0.17208232413370048,0.15495064241609635,U12,MAD_M6C12,24.952330392619782,5.22807066243954,WPG,SSPG,0.14961379689648452,0.30932489840898364,3.18161394600072,1.4452197714238522,4,-10.443347615247179,550,5,30
0.17165109888345464,0.15526560079391025,U12,MAD_M6C12,24.958765444282058,5.034845706921856,WPG,SSPG,0.1492354964732907,0.3094917148481234,3.1745967280166725,1.4664200547768118,2,-10.637046528202834,550,5,30
0.17208415116371245,0.15528037407942247,U12,MAD_M6C12,24.579206636306917,5.378042317090482,WPG,SSPG,0.1491408278299463,0.31021698575386897,3.1774784671561154,1.4401504129728466,5,-10.067206948037278,550,5,30
0.1715870870753723,0.15480241940718564,U12,MAD_M6C12,24.58440035872106,4.818270123046132,WPG,SSPG,0.14978064673728742,0.30915973564828253,3.1487318375026914,1.459357641548277,2,-10.1762080214992,550,5,30
0.17351021510175246,0.15522902472410538,U12,MAD_M6C12,24.142680210391394,4.757999762591536,WPG,SSPG,0.14953072996211203,0.3114064590029676,3.1432476609864928,1.4296786685635663,7,-9.997136806829294,550,5,30
0.172784680493216,0.15377804159917882,U12,MAD_M6C12,24.652980213107806,5.285318515653493,WPG,CPG,0.14800024094755837,0.3101648357740625,3.253006963532053,1.487561256470694,0,-9.939878615779039,550,5,30
0.1711619001489572,0.1553390933756576,U12,MAD_M6C12,24.556775445177063,4.943196390212931,WPG,CPG,0.14896116513929097,0.30981086191966795,3.108196178928613,1.4783521630874015,4,-9.986421879335166,550,5,30
0.16971505091012778,0.15582915508821227,U12,MAD_M6C12,24.83564893102838,4.806034308485129,WPG,SSPG,0.14821189543451607,0.3077924152864889,3.0535862754431626,1.4190579653452682,2,-10.073540292710161,550,5,30
0.1682628922590256,0.15576251384321518,U12,MAD_M6C12,24.841009898567464,5.0041490166151155,WPG,SSPG,0.14885683932208676,0.3061789537344525,3.0339532738653743,1.5042811210270868,5,-10.164353903635192,550,5,30
0.17302628448628385,0.15446663543085185,U12,MAD_M6C12,24.414633777362518,5.367917377221385,WPG,SSPG,0.14787541745327504,0.3110163862950105,3.20089585764628,1.5179766974931423,5,-10.30542069684469,550,5,30
0.17336252010519296,0.15384594219127629,U12,MAD_M6C12,24.0130398739099,5.514520820520402,WPG,SSPG,0.14876519605070102,0.31058236990751287,3.2310672942884255,1.4953753772671536,2,-10.20953939533261,550,5,30
0.17346693169051186,0.1541127334653023,U12,MAD_M6C12,24.257364342118272,5.74775610607119,WPG,SSPG,0.14845460325142779,0.3112149008823068,3.2204517174652674,1.4866741792687312,6,-10.236971155875425,550,5,30
0.17267836966999014,0.15403160112270514,U12,MAD_M6C12,24.022777826555053,5.604986830293493,WPG,CPG,0.14900024186710503,0.3104586702190233,3.196460935310694,1.4777156748311238,4,-10.105264707051184,550,5,30
0.17061574576768376,0.15456305441764823,U12,MAD_M6C12,24.760226931332955,5.235920604984978,WPG,SSPG,0.14860718021821745,0.30798052140900206,3.1124632079314276,1.4600205255333747,5,-10.138547067214777,550,5,30
0.17252724331459243,0.1538053480036867,U12,MAD_M6C12,24.425842336752208,5.39416405366686,WPG,SSPG,0.14953298071983642,0.3094376239088986,3.1351247485123706,1.481221239709138,3,-10.439061273546182,550,5,30
0.17220759289466975,0.15448336520599354,U12,MAD_M6C12,24.641976928996986,5.19251837180539,WPG,SSPG,0.14859484508561024,0.30988523746995883,3.1695843054259525,1.4672546391875012,0,-10.509020096269658,550,5,30
0.1704749739165633,0.15384910516372266,U12,MAD_M6C12,24.82466978939297,5.182705442927362,WPG,SSPG,0.14876797109889006,0.30700094057226873,3.1577244449369615,1.4872976288568078,2,-10.375350157210827,550,5,30
0.17106236359751542,0.15352934164014578,U12,MAD_M6C12,24.785703232451542,5.548025427696937,WPG,SSPG,0.14921784003341154,0.30754390620290756,3.1895441267408486,1.4639098885417972,4,-10.421561212533101,550,5,30
0.16889792293798273,0.1544833958278164,U12,MAD_M6C12,24.96894833706446,5.185213656461676,WPG,SSPG,0.14807187843364084,0.30615970264367126,3.136212778785613,1.4747580772558426,1,-10.427772300212265,550,5,30
0.1705225921062261,0.15440287566466077,U12,MAD_M6C12,24.790961177738684,5.475206216266761,WPG,SSPG,0.14813933088403225,0.30820664645657614,3.1955297770437885,1.454179064234649,1,-10.15392198215006,550,5,30
0.17018847141595814,0.15364018347418743,U12,MAD_M6C12,24.83374715754599,5.181582439508492,WPG,SSPG,0.14887020380390278,0.30679706458329,3.2004281954925085,1.4495467778617304,5,-10.393740177457099,550,5,30
0.1696966136900823,0.15368963613084058,U12,MAD_M6C12,24.56876131077944,5.46255736227867,WPG,SSPG,0.14887027442825662,0.3066854977813264,3.1854586737063526,1.4518997138261658,1,-10.380667403330325,550,5,30
0.17099266669208096,0.1535271760836609,U12,MAD_M6C12,24.420300802409194,5.433322575468647,WPG,SSPG,0.14924089884432498,0.3076250770475306,3.1982013632438333,1.4747219902147433,5,-10.596640821636026,550,5,30
0.1705715177800667,0.15351636542723546,U12,MAD_M6C12,24.35928104445205,5.716713433563741,WPG,SSPG,0.14985467463893387,0.3074099388449454,3.2456960434588256,1.4323049264790977,2,-10.57005174112019,550,5,30
0.17085993880983072,0.1538857079884649,U12,MAD_M6C12,24.266993825091745,5.523925389197954,WPG,SSPG,0.14941587221425298,0.30811720504157547,3.2353026603312234,1.4266735611531773,1,-10.385919441521473,550,5,30
0.1712048726498353,0.15381364160984748,U12,MAD_M6C12,24.324682833971767,5.383381889287698,WPG,SSPG,0.14906666480072667,0.3083614355302765,3.2422557031300503,1.4325303264032607,6,-10.44202939761222,550,5,30
0.17005060965341512,0.15375167835808107,U12,MAD_M6C12,24.673017939360847,5.678488289393124,WPG,SSPG,0.14919716876276207,0.30691344756814287,3.2495165947561353,1.4015724707692558,5,-10.389232139072915,550,5,30
0.1694497664051641,0.15375296530451046,U12,MAD_M6C12,24.428810796420766,5.677348916682824,WPG,SSPG,0.14919501521226725,0.306418635904614,3.2485797277094743,1.4142037203233118,2,-10.560142958212458,550,5,30
0.1694749197495592,0.15351414697284693,U12,MAD_M6C12,24.72083634441763,5.475558278538904,WPG,SSPG,0.14860083425162246,0.3061782061008369,3.230969673653666,1.4600619349770985,5,-10.35199035532218,550,5,30
0.16925804034241937,0.15362236893318384,U12,MAD_M6C12,24.65483800538592,5.481996913811521,WPG,SSPG,0.1493211198869014,0.30578963419870536,3.254960806469787,1.4431872176980582,2,-10.450822339139897,550,5,30
0.16897392112394247,0.15363067535149424,U12,MAD_M6C12,24.785246902890755,5.520208333178888,WPG,SSPG,0.14925579121879595,0.3055674507729771,3.229203381304645,1.4485708361038285,6,-10.500786143432721,550,5,30
0.16853189557560286,0.1533311992349459,U12,MAD_M6C12,24.717616896983316,5.464948534295919,WPG,SSPG,0.1491888306090366,0.30487604842866006,3.237157415318074,1.4509681933020886,0,-10.452771208197012,550,5,30
0.16820075393139133,0.15340395950939403,U12,MAD_M6C12,24.784586838012178,5.354224702512125,WPG,SSPG,0.14902251622501778,0.3045062716926023,3.2272569668162197,1.4341358825832988,0,-10.462674565900214,550,5,30
0.16766230377303237,0.1533297150067949,U12,MAD_M6C12,24.739245190937197,5.415497267983637,WPG,SSPG,0.14915004293973486,0.30391429299788125,3.2455561270314712,1.4299865148067608,6,-10.478311106840948,550,5,30
0.16702040662804263,0.15369810644750406,U12,MAD_M6C12,24.77876292216895,5.360548821753281,WPG,SSPG,0.14928302635638013,0.30356189403112155,3.2150424426403235,1.4268916865353973,6,-10.360803940504107,550,5,30
0.1673394544129665,0.15379179927940634,U12,MAD_M6C12,24.800307975027472,5.256799229042457,WPG,CPG,0.1486764163335302,0.30409616949578916,3.2118124689102867,1.4110423147562048,4,-10.20467368387098,550,5,30
0.1673376057405975,0.15353387444178182,U12,MAD_M6C12,24.693714579831777,5.409549869932367,WPG,SSPG,0.14909350304630803,0.30386951943493223,3.2493623789552357,1.434914406329305,3,-10.388575383118548,550,5,30
0.16845513671216672,0.153400804562765,U12,MAD_M6C12,24.66315633743814,5.4295433100173565,WPG,SSPG,0.14847933731240212,0.30489726273432166,3.264944462875528,1.441079930355988,6,-10.391357230129785,550,5,30
0.1678576571929478,0.153788385164988,U12,MAD_M6C12,24.787329020435955,5.090504112922575,WPG,CPG,0.14925703486194059,0.3044148569864847,3.2299434457145795,1.422108696897638,2,-10.394123117146165,550,5,30
0.16833729168685543,0.15377452984643425,U12,MAD_M6C12,24.797820943684258,5.163913649137817,WPG,SSPG,0.14957203901198007,0.3050266593551987,3.265967008666485,1.404258616004689,4,-10.5091824038113,550,5,30
0.16809417777977714,0.15357720683734824,U12,MAD_M6C12,24.80003445592521,5.1122741341296205,WPG,CPG,0.14970545151392733,0.30471843533122783,3.2622543583116577,1.397046384374606,5,-10.386078105645982,550,5,30
0.1690310064927967,0.1541166655936147,U12,MAD_M6C12,24.757726405617074,5.047017044763161,WPG,SSPG,0.14978398811737653,0.3060179795334461,3.271813842580084,1.3829140558974111,1,-10.462840090412007,550,5,30
0.1692706183595613,0.15428136085265337,U12,MAD_M6C12,24.81708308617447,4.9817195339127,WPG,SSPG,0.14993631195181628,0.30645562268669213,3.257788117695233,1.3801763144543973,5,-10.453485358404677,550,5,30
0.16998053906531294,0.15342884843068014,U12,MAD_M6C12,24.636694370802907,5.272145147218703,WPG,CPG,0.14997377155607283,0.3068470946886272,3.3311834175713226,1.3744500980011538,1,-10.658840013294219,550,5,30
0.17065093361920006,0.15448820677303576,U12,MAD_M6C12,24.595405718472726,5.0750975360424695,WPG,CPG,0.1499995017455909,0.3086908871232022,3.292253940433154,1.3243074746644772,5,-10.368766607841842,550,5,30
0.16939639574588494,0.15439199098393425,U12,MAD_M6C12,24.82652115023503,4.848747681669814,WPG,SSPG,0.1498223149090347,0.30709303303510566,3.3266919734366227,1.3712093944572064,6,-10.392877976371167,550,5,30
0.16923483462909877,0.15385421404990157,U12,MAD_M6C12,24.76886569535171,4.8805625680484095,WPG,CPG,0.14996929219697624,0.30622400992679416,3.3523995091682988,1.3175427525405694,4,-10.424196863538143,550,5,30
0.16811155673934353,0.1542316305902602,U12,MAD_M6C12,24.83525401577967,4.87716812525724,WPG,CPG,0.14937894941849322,0.3054797864529649,3.337749985716138,1.3192110273276518,2,-10.364384347720174,550,5,30
0.16977056571642157,0.1534151113466962,U12,MAD_M6C12,24.72903827613156,4.961069671759842,WPG,SSPG,0.14855698250510924,0.3067540377281912,3.410403112610263,1.3588378572916464,1,-10.44093872872244,550,5,30
0.1699520776043164,0.15304839684683805,U12,MAD_M6C12,24.672954887302694,5.302212943577505,WPG,CPG,0.1492957978309006,0.3066084865377946,3.444444220129984,1.3792733234377268,4,-10.471367736690308,550,5,30
0.1699217497401781,0.15281335977612825,U12,MAD_M6C12,24.657544545550014,5.240917567996845,WPG,SSPG,0.1494826559750502,0.30638769854573145,3.4411752902505626,1.404286977510484,2,-10.593002671423744,550,5,30
0.1697564288096798,0.15240959177230512,U12,MAD_M6C12,24.74779504659101,5.075633667794161,WPG,CPG,0.1498700642121799,0.3055803268957645,3.4565692657000957,1.4234917565953422,3,-10.722919340035622,550,5,30
0.16854341305235004,0.15271719624476354,U12,MAD_M6C12,24.80729320541825,4.8370613000794265,WPG,SSPG,0.14967812754628979,0.30453012526225676,3.4302893816954363,1.376990967008377,5,-10.725242017354642,550,5,30
0.16823214922157753,0.15281630613497957,U12,MAD_M6C12,24.982192690304522,4.633147345066397,WPG,SSPG,0.14997831114193533,0.30440546470641755,3.423455774728593,1.4169633675088718,7,-10.953809598760344,550,5,30
0.16800290157335263,0.1521286415993143,U12,MAD_M6C12,24.97444765558059,4.502927353250241,WPG,CPG,0.1499892234179277,0.3032920649608331,3.401230031218587,1.4145145458821617,3,-10.966237753459211,550,5,30
0.16906805607087083,0.15260303069177025,U12,MAD_M6C12,24.977160163424188,4.689307233727827,WPG,CPG,0.14999813231512835,0.30493077412101965,3.456227021544956,1.3830811273837536,3,-10.813555702013117,550,5,30
0.16929842120430605,0.152405565977101,U12,MAD_M6C12,24.95976871328652,4.442272445899349,WPG,SSPG,0.14998019623294612,0.30509834423389576,3.5359967391535156,1.3425620494627615,6,-11.159241180749213,550,5,30
0.16985067118448238,0.151678836546862,U12,MAD_M6C12,24.986657371208473,4.457894827528351,WPG,CPG,0.14998305514595223,0.3049636458178989,3.5831180755831316,1.405793827088309,1,-11.072230024709883,550,5,30
0.17000721090744123,0.15235615823958168,U12,MAD_M6C12,24.99897598037269,4.4933544476678025,WPG,CPG,0.14997724038776072,0.30628707094778257,3.5463600433614375,1.4211407882817642,2,-10.99669853757278,550,5,30
0.1704104580928324,0.1525069328189076,U12,MAD_M6C12,24.990230921046653,4.425202123947293,WPG,SSPG,0.14946903487341945,0.30660003283723763,3.540108690572385,1.3328138215974352,2,-11.051705270216925,550,5,30
0.16969956724442004,0.15187778857238562,U12,MAD_M6C12,24.987761178723876,5.079329056596043,WPG,CPG,0.14982202828183122,0.3052913187178539,3.5576191655039335,1.3569649367278367,3,-11.193251715288502,550,5,30
0.17025271681080226,0.15268252494510717,U12,MAD_M6C12,24.999984158624702,4.600051744965709,WPG,SSPG,0.1497234021425977,0.306241810174659,3.4719196883096846,1.3816571593545626,7,-11.144646690867477,550,5,30
0.17241294173590394,0.15252668677984563,U12,MAD_M6C12,24.99429376006002,4.992909855081017,WPG,SSPG,0.14869715401221284,0.3086132023627823,3.5221606836634325,1.370010313248561,4,-11.058200722549401,550,5,30
0.1708893475288669,0.15209540905189922,U12,MAD_M6C12,24.955174074754535,5.300694996563042,WPG,CPG,0.14999180204562576,0.3071032231732721,3.5574066454802753,1.4282244023457311,5,-11.017822090352265,550,5,30
0.1704755660128668,0.15204764627721443,U12,MAD_M6C12,24.956221034590246,5.203690316870077,WPG,SSPG,0.1499995043056751,0.306497280012687,3.5752611017401663,1.3790171175279022,7,-11.19234469713718,550,5,30
0.16954678038365828,0.15234568428766845,U12,MAD_M6C12,24.999626132671402,4.583542241595676,WPG,SSPG,0.1499176890423059,0.3051841374628043,3.542631958666464,1.3580799810951087,6,-10.963557444449448,550,5,30
0.170409239616432,0.15204679857024386,U12,MAD_M6C12,24.994567256228326,4.642896298088193,WPG,SSPG,0.14993008536866168,0.306158752773816,3.57199690824296,1.4046086029957467,3,-11.315822623329199,550,5,30
0.17056816654613952,0.15233245790528818,U12,MAD_M6C12,24.96231972231414,4.522244774086402,WPG,CPG,0.14982594448207087,0.30658057331985544,3.5665798806166467,1.414716489346885,4,-11.180688684215157,550,5,30
0.17148176256175707,0.15200195003281827,U12,MAD_M6C12,24.98774513645186,4.901126752735337,WPG,CPG,0.1497976027102692,0.3074345129500248,3.616466402418305,1.3990953160733781,0,-11.209588413323122,550,5,30
0.17088596310621895,0.15189216797372465,U12,MAD_M6C12,24.99931599451958,4.733286390756856,WPG,CPG,0.14991541237667477,0.30640849774076556,3.6181057327181887,1.3963202919034505,1,-10.944150513727296,550,5,30
0.1700103282062764,0.15177845767975431,U12,MAD_M6C12,24.995275980253446,4.543762703166091,WPG,CPG,0.1495467305971362,0.3056076827640872,3.641148408051062,1.3641084624924606,3,-11.259387077423359,550,5,30
0.17057775135891023,0.15166597948213484,U12,MAD_M6C12,24.980556273904135,4.447801967799148,WPG,SSPG,0.14993490076122518,0.3058705498657167,3.6494276897330837,1.3660397173431726,5,-11.262804452141719,550,5,30
0.1695611076043963,0.15164811269222012,U12,MAD_M6C12,24.996267609765358,4.790762209264267,WPG,SSPG,0.1490351152665306,0.3050568005103339,3.589910822715998,1.391014198714232,6,-11.21303748855904,550,5,30
0.17128769876006864,0.1517036678601813,U12,MAD_M6C12,24.99773289625707,4.763015790926979,WPG,SSPG,0.1499999355372928,0.30673424461344745,3.650865514684537,1.3484870589146287,4,-11.310897733132363,550,5,30
0.17129429343415667,0.15165938345787222,U12,MAD_M6C12,24.999965246341198,4.755617712524149,WPG,SSPG,0.14986591966336993,0.30672584848537326,3.648015809148876,1.339850691143139,4,-11.396273582093409,550,5,30
0.17176401941930783,0.15170873889521685,U12,MAD_M6C12,24.998430264111217,4.617931338279716,WPG,SSPG,0.1497606979099932,0.30755146679412937,3.6968521236724348,1.3284243021918116,1,-11.390122670412406,550,5,30
0.17214028301618414,0.15119553507255928,U12,MAD_M6C12,24.988287765861237,4.5766539952574155,WPG,SSPG,0.1499948774359352,0.3073475675753872,3.734760554211594,1.3265900971328568,5,-11.46302436918802,550,5,30
0.17194892346269697,0.1511415317993089,U12,MAD_M6C12,24.998032187737266,4.513297281985909,WPG,CPG,0.14999953341831704,0.30739425807069193,3.848884528451762,1.2994267751977322,6,-11.473362567445463,550,5,30
0.17266771007548326,0.15099809241291892,U12,MAD_M6C12,24.998104764917436,4.568223885303893,WPG,SSPG,0.14998664253202226,0.30795905766565196,3.859247135572211,1.3169030988808417,6,-11.565337914067321,550,5,30
0.17301811728728952,0.15102413896892808,U12,MAD_M6C12,24.96752716754274,4.6487953433727665,WPG,SSPG,0.14996228009852258,0.3084174257800829,3.8791123042444924,1.2873865504418576,2,-11.516640197981522,550,5,30
0.1712034385117687,0.15093524709290068,U12,MAD_M6C12,24.963082331469806,4.507754914832547,WPG,CPG,0.14999777531174435,0.3062084619485013,3.8022886899569053,1.3304629831738262,3,-11.409392307189778,550,5,30
0.1726022515711143,0.15144321224700466,U12,MAD_M6C12,24.9988323782275,4.590787104836265,WPG,SSPG,0.14998754417792468,0.30818975634648504,3.775931454316627,1.2928202536338302,6,-11.457297058104793,550,5,30
0.17121656798473234,0.1516167001290114,U12,MAD_M6C12,24.991962902559738,4.842515946513729,WPG,SSPG,0.14999961750364263,0.30692852597228426,3.7112839131960635,1.255000365248451,7,-11.379714757599556,550,5,30
0.17234088059881783,0.151190515151893,U12,MAD_M6C12,24.999552648078797,4.556134365552351,WPG,SSPG,0.14999686387430877,0.3079064226181695,3.771161052276539,1.3104152103045208,2,-11.392226114022938,550,5,30
0.1716596214139833,0.15116067915557757,U12,MAD_M6C12,24.991774190615793,4.764184785664748,WPG,SSPG,0.1499359825090762,0.30712448846157936,3.7825364730638187,1.321549470394857,5,-11.502528475582174,550,5,30
0.17151777700954934,0.15104882999190286,U12,MAD_M6C12,24.99798772417174,4.6090287652481,WPG,SSPG,0.149952074754583,0.30683825810327864,3.7887952745527667,1.3530998604341455,4,-11.533374913442517,550,5,30
0.17191542236455593,0.15091691139478183,U12,MAD_M6C12,24.9963973717642,4.849190832424383,WPG,SSPG,0.14999826009761463,0.30722533887441583,3.8203041909611044,1.3320126830438732,3,-11.5869527436192,550,5,30
0.17180599998404483,0.15082994728987054,U12,MAD_M6C12,24.997766571716994,4.840133768980335,WPG,SSPG,0.14995078322412686,0.3068889093592959,3.8420072024061422,1.3024762320087375,0,-11.608566365206379,550,5,30
0.17212638710261086,0.15102873993297436,U12,MAD_M6C12,24.97577095019681,4.776493224029791,WPG,SSPG,0.14991443146420136,0.3073110162813941,3.8182760839692906,1.3027485177209197,6,-11.539684173336182,550,5,30
0.17117143759023737,0.1509341515556001,U12,MAD_M6C12,24.993311986249367,4.952608590838947,WPG,SSPG,0.14996233149168614,0.3061847550963373,3.8334453357030775,1.2815555611324942,1,-11.48266317710188,550,5,30
0.17374046441267907,0.1507256767195909,U12,MAD_M6C12,24.97547815120299,5.206013417249128,WPG,SSPG,0.14998701544812038,0.30900709034076745,3.957557627363401,1.2683948672804046,5,-11.626995934070035,550,5,30
0.17258374256759068,0.15065782276341805,U12,MAD_M6C12,24.999833154749858,4.944124054008866,WPG,CPG,0.14996500947189229,0.3078577100024547,4.014852630996313,1.2567443538181138,1,-11.571445732939583,550,5,30
0.17068259431558783,0.1507144132736377,U12,MAD_M6C12,24.99236391444533,4.78918234316949,WPG,SSPG,0.1499995192141856,0.30561664520217624,3.8791723115488477,1.3200003024696931,6,-11.612394876429635,550,5,30
0.17131858514246462,0.15091134486358712,U12,MAD_M6C12,24.998145820991617,4.846428417207273,WPG,SSPG,0.1499965887467239,0.3064425279683548,3.8345317873596634,1.3124244487445123,7,-11.61126884956808,550,5,30
0.17206342607367023,0.1509637897668668,U12,MAD_M6C12,24.99989784813187,5.018047260274438,WPG,SSPG,0.14999517557530195,0.30747786142508504,3.888437080013113,1.311265980831124,6,-11.608800956098525,550,5,30
0.1718545820061739,0.1507199181912087,U12,MAD_M6C12,24.987641102601305,5.171339150396849,WPG,SSPG,0.14998857201957277,0.30705283090043256,3.913879428729837,1.3365486837959422,5,-11.676232580835007,550,5,30
0.17189322096730594,0.15073494986328795,U12,MAD_M6C12,24.993165406506105,5.200018655883201,WPG,SSPG,0.1499384134373177,0.30715575146791063,3.93697428869848,1.3102710670854165,1,-11.67471615285966,550,5,30
0.17260575100399952,0.15078716050767374,U12,MAD_M6C12,24.984879106141744,5.462240952645558,WPG,SSPG,0.1499309639570205,0.30812028760945975,3.963545017535945,1.287252725500164,3,-11.669484111412547,550,5,30
0.1723674330311975,0.15069178775880498,U12,MAD_M6C12,24.980689273409027,5.369923082531589,WPG,SSPG,0.14999010036811533,0.30792036528329214,4.0097262247741225,1.3036308806485248,5,-11.738929837981413,550,5,30
0.17196320641004784,0.15055269122512974,U12,MAD_M6C12,24.990237966853105,5.375204270883927,WPG,SSPG,0.14984266908776428,0.3071344655450943,4.000277741683326,1.3024770305534754,3,-11.66697217564836,550,5,30
0.17125006128882267,0.15070638945845202,U12,MAD_M6C12,24.96920747858774,5.8650362749036145,WPG,SSPG,0.14990988730406585,0.3065874469706812,3.935555955888287,1.3332259450487745,5,-11.719669201094504,550,5,30
0.17230717745340224,0.15064545444338243,U12,MAD_M6C12,24.98559947244859,5.670653599106652,WPG,SSPG,0.14995357497034004,0.3078817128583001,4.047723441427291,1.2727035782301455,4,-11.76975750478251,550,5,30
0.1726290163901646,0.15055338630252285,U12,MAD_M6C12,24.95263796053836,5.950264808914749,WPG,SSPG,0.14998033128685312,0.3081671468108697,4.076646036262161,1.2807989894397438,5,-11.779280545554549,550,5,30
0.172178121527661,0.15073124399290402,U12,MAD_M6C12,24.957441567110596,6.116076940118907,WPG,SSPG,0.14999796141956395,0.307845796754046,4.0341818525944895,1.2879347126090357,5,-11.790585404582409,550,5,30
0.1716073713284076,0.1506482211177677,U12,MAD_M6C12,24.98127788031749,6.135258164409818,WPG,SSPG,0.1498829500487684,0.30715529206369224,4.076641263338113,1.282847301210868,4,-11.87715231342033,550,5,30
0.17132434257014045,0.15082090064558737,U12,MAD_M6C12,24.970620130846513,5.883650318998097,WPG,SSPG,0.14997452161528868,0.3070835605645909,4.033835484884526,1.3219341161473674,6,-11.770365345988832,550,5,30
0.1724981479362552,0.15093678194456328,U12,MAD_M6C12,24.956057766505864,6.50016379671336,WPG,CPG,0.14990973753047832,0.30859316296263756,4.089390911004666,1.3017412505559727,0,-11.736542361292232,550,5,30
0.17194324628528757,0.15070756898450258,U12,MAD_M6C12,24.999441423228323,5.318142723246296,WPG,CPG,0.14999778016662987,0.30711712737722946,3.9600769612984594,1.3202344574328904,6,-11.501622085460207,550,5,30
0.17303270384066277,0.15067828878789652,U12,MAD_M6C12,24.97924357955244,6.007178952508531,WPG,SSPG,0.14993013673512046,0.3087809081266902,4.048394153301595,1.3423314732080138,3,-11.79875799781817,550,5,30
0.17164375711946048,0.15068106689925218,U12,MAD_M6C12,24.994578038509736,5.52146978635143,WPG,SSPG,0.1499773662227421,0.30693178079523464,4.01530475016652,1.3116070362967176,4,-11.700868491899165,550,5,30
0.17020969257064847,0.15058665090662166,U12,MAD_M6C12,24.998827128450344,5.698675096865972,WPG,SSPG,0.14995791175621612,0.3053162580755627,3.968091682825381,1.332181832947747,5,-11.708789283885197,550,5,30
0.17063242823711086,0.15077444384703348,U12,MAD_M6C12,24.994845622897238,6.114812791375978,WPG,SSPG,0.14978376437219482,0.30624151359866136,3.9887423065179104,1.3527746743724811,7,-11.807330065444452,550,5,30
0.17142909453274918,0.15064340448036928,U12,MAD_M6C12,24.99432457119714,6.086026203563155,WPG,SSPG,0.14998536388858813,0.3071128819330438,4.044171545341816,1.3182389589103383,6,-11.876400633055763,550,5,30
0.17103497618819447,0.15065561452111045,U12,MAD_M6C12,24.98479706785593,5.946218513575943,WPG,SSPG,0.1497167495302216,0.3066445220459981,4.035285350335456,1.3141872404994688,5,-11.795798058300681,550,5,30
0.17228598647003585,0.15064965505338965,U12,MAD_M6C12,24.987805841924626,6.087501554970366,WPG,SSPG,0.1498892862228348,0.30777534677219703,4.039621795999367,1.294726813720247,1,-11.84481836638544,550,5,30
0.1703545120243039,0.15073950567831026,U12,MAD_M6C12,24.98413102470177,5.9781075918911695,WPG,SSPG,0.1498262417298043,0.3059004928200412,3.9687606573941143,1.3181525176841502,7,-11.759597413604416,550,5,30
0.1708988477396698,0.15064087007775462,U12,MAD_M6C12,24.990323131885997,6.112758936177473,WPG,SSPG,0.14997070208016738,0.3064678742328505,4.052607200682827,1.2666291605487396,4,-11.844784576089866,550,5,30
0.1703424366913004,0.15084473482829044,U12,MAD_M6C12,24.99377824794649,6.047734934124611,WPG,SSPG,0.14990054845988984,0.30613810745170605,4.045808858371864,1.2482933096109332,0,-11.801993166080948,550,5,30
0.17057260821470674,0.15076663839869575,U12,MAD_M6C12,24.99027318125965,6.240678469551479,WPG,CPG,0.1499060225279198,0.30639421604187705,4.052379201279258,1.2990244643755688,6,-11.681449839938095,550,5,30
0.1700194684538752,0.1507762341435986,U12,MAD_M6C12,24.998943698421645,6.093051411825755,WPG,SSPG,0.14994684256797425,0.3058173732563621,4.069598843144722,1.3090594778225229,2,-11.85858808192049,550,5,30
0.17150608085462304,0.15066998334853765,U12,MAD_M6C12,24.993525798726107,5.927226889181398,WPG,SSPG,0.14999973754250548,0.3070386982293687,4.025170260511272,1.3092587851535469,5,-11.808824189445275,550,5,30
0.17135965284461016,0.15069124946482673,U12,MAD_M6C12,24.999093884951588,5.890494735815978,WPG,SSPG,0.14999701929644865,0.306790867723502,3.994129697723408,1.3321985650225816,0,-11.807389820566264,550,5,30
0.1710807858318986,0.1505165433977411,U12,MAD_M6C12,24.996318960094374,5.938623254466943,WPG,SSPG,0.14999975537731952,0.3063873353592609,4.020298671004266,1.3501920848737705,3,-11.83986422323862,550,5,30
0.17080494146945563,0.15065367245972022,U12,MAD_M6C12,24.999769164274607,6.0112986860285265,WPG,SSPG,0.1499999731915394,0.3063857771664339,3.994598486623388,1.3411595284086135,4,-11.830963199140616,550,5,30
0.1712815763909443,0.150477000747321,U12,MAD_M6C12,24.99250037088086,5.691826202390097,WPG,SSPG,0.14999767014488366,0.3065517416067771,4.006254004687859,1.3599731937469643,3,-11.80957799270864,550,5,30
0.17160527327294758,0.15060670372629623,U12,MAD_M6C12,24.999989927698962,6.118293606413538,WPG,SSPG,0.1499904931157383,0.3070145328959828,4.01990852613596,1.3055495713450558,3,-11.872609779206702,550,5,30
0.17153064155776235,0.15062187056476645,U12,MAD_M6C12,24.998182698602804,6.040050040382266,WPG,SSPG,0.14999950592518646,0.30708238045010744,4.031280448693817,1.314153219310365,2,-11.853835795345107,550,5,30
0.1715057107582893,0.15068178989056485,U12,MAD_M6C12,24.99993922081525,6.10831265749285,WPG,SSPG,0.1499938275863696,0.3072128692481977,4.0570419096315335,1.3102089556130814,7,-11.878125987942758,550,5,30
0.17088672994301496,0.15055186241750637,U12,MAD_M6C12,24.999418131463603,6.452837423865114,WPG,CPG,0.1499986037264257,0.3064165158907737,4.079449371404607,1.3113232963802401,4,-11.856409984853581,550,5,30
0.17181406294924323,0.1506546557268651,U12,MAD_M6C12,24.998773372385443,6.110945115830894,WPG,SSPG,0.14990521684403701,0.3073917426163447,4.01913093233122,1.3075684954476974,5,-11.85109194478414,550,5,30
0.17087778836709125,0.150648218328885,U12,MAD_M6C12,24.998351049371173,6.04156654234431,WPG,SSPG,0.1499967291326443,0.3064321958914826,4.017419656194359,1.3467804967889023,1,-11.861314354435542,550,5,30
0.17114439021572797,0.15060202236903514,U12,MAD_M6C12,24.999335050313192,6.10842171578881,WPG,SSPG,0.14999338356903794,0.3067357579806164,4.0315132887141125,1.3519638817283206,6,-11.886840512365994,550,5,30
0.17072930248204096,0.15061494574470424,U12,MAD_M6C12,24.998136244909233,6.106224860755538,WPG,SSPG,0.14996595168139382,0.3063267653620698,4.053382841984034,1.3374758044185842,7,-11.886825395625612,550,5,30
0.17016200137440052,0.1505515838137303,U12,MAD_M6C12,24.991243400039405,6.032783780480724,WPG,SSPG,0.14997895955905344,0.30558932555918134,4.014040084579118,1.3640500641672562,2,-11.840851069540374,550,5,30
0.1705315519720016,0.1505207349275339,U12,MAD_M6C12,24.991002649005786,6.11226835502611,WPG,SSPG,0.14991647170264383,0.3059568988855086,4.042963684643154,1.3696844859787896,3,-11.88125049718468,550,5,30
0.17130031039137497,0.15052722958871623,U12,MAD_M6C12,24.993171541656178,6.089804431574464,WPG,SSPG,0.14997634276023103,0.3067544169815502,4.035106332249893,1.3582282497090112,2,-11.882839450050048,550,5,30
0.17125220446040895,0.15050331145983747,U12,MAD_M6C12,24.997923491140703,6.084102513702718,WPG,SSPG,0.14998412240836007,0.3066869093917521,4.052241236055126,1.3412503316985283,7,-11.884414535895317,550,5,30
0.17109033715677263,0.15049207116442825,U12,MAD_M6C12,24.98922831119186,6.068330018298732,WPG,SSPG,0.14999004994452703,0.30644403176472473,4.044754628483355,1.358949114965084,2,-11.899629032071326,550,5,30
0.17077407939518935,0.15051307002375575,U12,MAD_M6C12,24.99153236092834,6.1233850888270265,WPG,SSPG,0.14997730221137295,0.3062054314155259,4.02930202583682,1.3639587278918373,3,-11.8708587885162,550,5,30
0.1709870785576708,0.15049630665112707,U12,MAD_M6C12,24.991716946006346,6.076509921485982,WPG,SSPG,0.14999962480577594,0.30640764951425686,4.028268689820193,1.366575884834885,6,-11.878977036785301,550,5,30
0.17125756857616786,0.15049269387070593,U12,MAD_M6C12,24.994799163158685,6.127559251038437,WPG,SSPG,0.14999083461934243,0.30664014640778103,4.039396550618756,1.3684460111398393,7,-11.893826966176684,550,5,30
0.17140100474178024,0.15047116252897907,U12,MAD_M6C12,24.99325851689277,6.078596810896393,WPG,SSPG,0.14995365758398838,0.3068193784352989,4.045425636707992,1.376588751883197,2,-11.885801050643739,550,5,30
0.17134924824231845,0.1505149421793468,U12,MAD_M6C12,24.99631205650753,6.124129358638573,WPG,SSPG,0.14999364062186735,0.30680543950893896,4.0363551601462335,1.3673292837535218,1,-11.88489399656162,550,5,30
0.17113973172085453,0.15046100100449647,U12,MAD_M6C12,24.997117340674286,6.12533939635887,WPG,SSPG,0.1499536544629329,0.30651355686950355,4.039215838407524,1.3778873930994209,5,-11.9099697329521,550,5,30
0.17105798408839057,0.15049581940833104,U12,MAD_M6C12,24.997440701724607,6.114385795926804,WPG,SSPG,0.14998314792827716,0.306477496651519,4.043774140650217,1.3651530670019243,0,-11.903581775235159,550,5,30
0.17113561912974612,0.15049288036275077,U12,MAD_M6C12,24.997234282396516,6.102699008122627,WPG,SSPG,0.149994377117669,0.30654993777812845,4.0430690740896935,1.35780363165616,5,-11.903297515813803,550,5,30
0.1709848834496141,0.15052203137235304,U12,MAD_M6C12,24.99975871093756,6.127984595936673,WPG,SSPG,0.14999975629106818,0.3064499235954214,4.032396303379418,1.3562958372557312,4,-11.897769776015876,550,5,30
0.17101369874218716,0.1505015461212011,U12,MAD_M6C12,24.999280559231714,6.101502123094619,WPG,SSPG,0.149997764446259,0.3064260472063891,4.042441925059161,1.3557521705108981,6,-11.907433879209837,550,5,30
0.17112326997072402,0.15048961845305744,U12,MAD_M6C12,24.999999867750454,6.146949441234161,WPG,SSPG,0.14999778508775202,0.30653349620731263,4.052035370291992,1.3519423065214067,4,-11.914324596922306,550,5,30
0.17134565365208912,0.1505335650935444,U12,MAD_M6C12,24.99998620328221,6.088845321390336,WPG,SSPG,0.14999916111199643,0.30681225906652504,4.0499850033416,1.3436362064670546,4,-11.901666906227604,550,5,30
0.17113768686494013,0.15049317059509976,U12,MAD_M6C12,24.99922179161922,6.107235743472151,WPG,SSPG,0.14999935775303685,0.3064844189485904,4.040600823053683,1.3523492951019076,0,-11.898320344353309,550,5,30
0.17083375817597587,0.15053065939151533,U12,MAD_M6C12,24.999084722647183,6.105925941637276,WPG,SSPG,0.14999794858338772,0.30622967602107715,4.0390722720073455,1.3459850260703514,0,-11.894713179654463,550,5,30
0.17129819080434638,0.1505330872367702,U12,MAD_M6C12,24.999691168457502,6.133527860371002,WPG,SSPG,0.1499955911639324,0.30668941979360875,4.050008067602139,1.3360640711694036,2,-11.912394962462553,550,5,30
0.17116154959996988,0.15051554491736804,U12,MAD_M6C12,24.999645338109165,6.1458192987835245,WPG,SSPG,0.14999985057137025,0.3065370339252531,4.047507448079575,1.3379848183866567,6,-11.916118208151948,550,5,30
0.17128186876213317,0.1505298514957832,U12,MAD_M6C12,24.99989080006605,6.135044012580422,WPG,SSPG,0.14999988335438116,0.30670877871979874,4.055432753015971,1.337414946241395,3,-11.91018995156289,550,5,30
0.1711459132526511,0.15053612800606705,U12,MAD_M6C12,24.999990949960804,6.115955383278538,WPG,SSPG,0.1499962421045687,0.30654146772028606,4.051118670575447,1.338411143582817,2,-11.911551451907993,550,5,30
0.1711200404014488,0.15050940448036765,U12,MAD_M6C12,24.999445666850843,6.129067245631971,WPG,SSPG,0.14999438733421602,0.3065082294745174,4.055008754041772,1.349187817939046,4,-11.919538474013672,550,5,30
0.1711064874997079,0.1505231358490912,U12,MAD_M6C12,24.999724555655394,6.140103999063923,WPG,SSPG,0.14999882294095995,0.30649238467279527,4.051656811899576,1.3385990765126805,3,-11.917827489561288,550,5,30
0.17111995609329111,0.15052605501325092,U12,MAD_M6C12,24.999803224506735,6.118715186117376,WPG,SSPG,0.14999947353831933,0.3065269323915668,4.0529165368744335,1.3421572251861833,0,-11.916684857326732,550,5,30
0.17121196550361772,0.1505147826406093,U12,MAD_M6C12,24.999828396594,6.113849355968037,WPG,SSPG,0.14999999921913593,0.30660456412687026,4.052800656655182,1.3421959190420711,6,-11.910927059969742,550,5,30
0.1711189081313866,0.1505068756622713,U12,MAD_M6C12,24.99943440982194,6.104109688211473,WPG,SSPG,0.1499998965587278,0.30648184393834393,4.053043317249723,1.346718944886672,5,-11.907798649446253,550,5,30
0.1711635168524596,0.15051484307424992,U12,MAD_M6C12,24.999855435208907,6.102383411035284,WPG,SSPG,0.14999977287056582,0.3065526179487276,4.056520613827572,1.3408673247132494,0,-11.912951532974153,550,5,30
0.17129270825805737,0.15051593385848686,U12,MAD_M6C12,24.99999764245998,6.099895304822236,WPG,SSPG,0.14999970921901837,0.3067170187989451,4.0622849347858585,1.3372921686943355,6,-11.911753117584853,550,5,30
0.17116629312566195,0.15050714580138627,U12,MAD_M6C12,24.999950541187676,6.147016078282668,WPG,SSPG,0.14999966983648969,0.30657154751265564,4.059820881445684,1.3411600170571347,4,-11.914374571746894,550,5,30
0.17140251558595787,0.1504878356303454,U12,MAD_M6C12,24.999972925378046,6.142446688610125,WPG,SSPG,0.14999969365235782,0.30679096743453815,4.070472084142792,1.3374497088382706,3,-11.933168121913416,550,5,30
0.1714303815603468,0.1504808103225649,U12,MAD_M6C12,24.999744462423774,6.123117588470703,WPG,SSPG,0.14999987416612848,0.306812170163993,4.067260595412916,1.3435011222578628,2,-11.934716221783722,550,5,30
0.17139806385267936,0.15046898051314114,U12,MAD_M6C12,24.999999451712284,6.148718894043471,WPG,SSPG,0.14999754581430597,0.30677525330018696,4.067562225301514,1.3501042371069865,5,-11.945038470084969,550,5,30
0.17112908636361393,0.15047691664689572,U12,MAD_M6C12,24.999528247463182,6.122827617692922,WPG,SSPG,0.14999525245368756,0.30648617822128843,4.059368515742711,1.3496326816400743,4,-11.923511545963816,550,5,30
0.1711615370655745,0.15047101741185157,U12,MAD_M6C12,24.999930584334827,6.135273886367669,WPG,SSPG,0.14999990944549813,0.3065311239292974,4.062463342340249,1.3493811456996423,1,-11.92953353662567,550,5,30
0.17132725028094645,0.1504768430422771,U12,MAD_M6C12,24.9999386055077,6.102641350852904,WPG,SSPG,0.14999988424617777,0.30667299597770725,4.0568053550333705,1.3528359094134514,4,-11.93256015879347,550,5,30
0.1713347513612653,0.15046592219676094,U12,MAD_M6C12,24.999998580240227,6.112057454361398,WPG,SSPG,0.1499997217381755,0.30667468797597836,4.060705390612292,1.3514778817799833,3,-11.922675483101958,550,5,30
0.17122765593855083,0.15046659563289358,U12,MAD_M6C12,24.99999252550579,6.143231628347383,WPG,SSPG,0.1499999158119688,0.30660349075867216,4.0660496933619275,1.348597436493415,5,-11.939824648512174,550,5,30
0.17109877145234306,0.1504604235271126,U12,MAD_M6C12,24.999883151315757,6.136525488047449,WPG,SSPG,0.1499991956044941,0.30645016353732984,4.060141603459492,1.3562468405628572,0,-11.931099536995639,550,5,30
0.1712006603227885,0.15045513333695226,U12,MAD_M6C12,24.999424600259776,6.119456405621184,WPG,SSPG,0.14999601103969296,0.30654167578832964,4.059533532844395,1.3574701876090818,0,-11.934130729814,550,5,30
0.17120012540167887,0.15046639443192258,U12,MAD_M6C12,24.999358326508645,6.127425396606153,WPG,SSPG,0.14999676587275898,0.30655482851334737,4.058620817426967,1.3551577208706918,7,-11.934384020094726,550,5,30
0.17133662784330533,0.15046501804514348,U12,MAD_M6C12,24.999666279566902,6.115773314852367,WPG,SSPG,0.14999807995975728,0.3067006726535908,4.062383327656496,1.3522300114009007,5,-11.9331678465239,550,5,30
0.1711971968111178,0.15047646944509235,U12,MAD_M6C12,24.99993302137629,6.130784630193273,WPG,SSPG,0.14999226497938778,0.30657756094195165,4.05979939478201,1.3547743003074184,4,-11.933119018748261,550,5,30
0.17127546825138812,0.15046663059548052,U12,MAD_M6C12,24.999628358315785,6.116103705286374,WPG,SSPG,0.14998329955460987,0.3066448192289999,4.062043170688694,1.3576486395438527,1,-11.933177271982755,550,5,30
0.1713774150377724,0.1504642970636993,U12,MAD_M6C12,24.999952667680134,6.135334818442111,WPG,SSPG,0.1499920419378794,0.3067680549449884,4.065101375323053,1.3552755349627943,2,-11.927517618621934,550,5,30
0.17133577922410187,0.15046485681654664,U12,MAD_M6C12,24.999846184954656,6.102910141780393,WPG,SSPG,0.14999803739382542,0.3067085730925165,4.064319620030908,1.3553076086589515,4,-11.930773623409637,550,5,30
0.17125260311568044,0.1504551245411546,U12,MAD_M6C12,24.99982408849993,6.133788649229042,WPG,SSPG,0.14999653775537763,0.30660524148420165,4.065415511555513,1.3551576750583019,2,-11.93367169094516,550,5,30
0.1713406009101546,0.15045844943107545,U12,MAD_M6C12,24.999986635036482,6.137553162974875,WPG,SSPG,0.1499976564665198,0.30669385506790453,4.068345494305506,1.3525731264689602,4,-11.949248121751888,550,5,30
0.17131842396034624,0.15046398008061465,U12,MAD_M6C12,24.99998848655935,6.118403721782496,WPG,SSPG,0.14999852406106004,0.30666820194493727,4.067513713719137,1.3490568383702364,3,-11.945355973820961,550,5,30
0.17129911592632707,0.15045235180322186,U12,MAD_M6C12,24.999986532215914,6.142089368814311,WPG,SSPG,0.14999669106526026,0.30664815729548695,4.069214312996331,1.3533069406880127,4,-11.941341263353703,550,5,30
0.17145922305152897,0.1504647135921738,U12,MAD_M6C12,24.999985131169495,6.11715543237926,WPG,SSPG,0.149999066143511,0.30682624499028677,4.068556774054053,1.3515662026986233,1,-11.942054562610002,550,5,30
0.17149931240787014,0.15045381374341932,U12,MAD_M6C12,24.999999444646942,6.120741188175042,WPG,SSPG,0.1499993982145188,0.30685150285794793,4.069209703572364,1.3525712095887563,3,-11.940594987892938,550,5,30
0.17139722283091396,0.15045657220564612,U12,MAD_M6C12,24.999988552921224,6.13297128134698,WPG,SSPG,0.1499977376574854,0.30675085905861244,4.068174545036391,1.3506604140739067,7,-11.94623767542137,550,5,30
0.17144330014931086,0.15044996698872617,U12,MAD_M6C12,24.999924430034614,6.138046699396467,WPG,SSPG,0.14999778812326814,0.3068048443006,4.071517836327574,1.3516267241414774,4,-11.94349487551326,550,5,30
0.17142992334441884,0.1504514406747237,U12,MAD_M6C12,24.999924734564885,6.1250811944361185,WPG,SSPG,0.14999990670132313,0.30678373406407594,4.06984710344808,1.3528287963811882,7,-11.940896765408658,550,5,30
0.17137536498476214,0.1504488410686456,U12,MAD_M6C12,24.999814533741212,6.123732152645095,WPG,SSPG,0.14999863683459222,0.30672351553299476,4.071330805648433,1.3533134762750478,0,-11.945203953409068,550,5,30
0.17136179623289244,0.1504497789167915,U12,MAD_M6C12,24.999729718749116,6.139416616361165,WPG,SSPG,0.14999999898933392,0.30671623698190253,4.0702678366977345,1.351729748834154,6,-11.942179084242039,550,5,30
0.17150618054091757,0.1504486428773255,U12,MAD_M6C12,24.999388337603317,6.131824852187761,WPG,SSPG,0.1499999971796948,0.306885072917809,4.075862739681105,1.3510703605923728,1,-11.939773712128567,550,5,30
0.17137248247793083,0.15044228904698137,U12,MAD_M6C12,24.999895519263077,6.122205884911039,WPG,SSPG,0.14999992174629373,0.30672100851502165,4.072628229575458,1.353093565004437,5,-11.943155583178987,550,5,30
0.17136841752125986,0.1504410764808739,U12,MAD_M6C12,24.999416089732673,6.140217296469954,WPG,SSPG,0.14999999525652696,0.3067221099777309,4.074156090421874,1.3537600276696664,7,-11.955095399310203,550,5,30
0.17145809635504405,0.1504450261273747,U12,MAD_M6C12,24.999266383862047,6.148025770322599,WPG,SSPG,0.14999992422284747,0.30681654423997223,4.073498097930107,1.3516463795557754,0,-11.947356420245459,550,5,30
0.171502091574894,0.15044677655060626,U12,MAD_M6C12,24.999493477842694,6.144615776127877,WPG,SSPG,0.14999974834900393,0.30686869131801836,4.074256978732015,1.3502065968610646,6,-11.951357881927638,550,5,30
0.17145262599801137,0.15045139681952277,U12,MAD_M6C12,24.999766410122877,6.1249198093721615,WPG,SSPG,0.1499997095036093,0.3068076279062384,4.067724326502635,1.3527837198504833,3,-11.942457769128769,550,5,30
0.17153640530042483,0.15045237325944202,U12,MAD_M6C12,24.998402627319475,6.116729557279425,WPG,SSPG,0.1499951410514423,0.3068890432242223,4.068660150554476,1.3528552523275001,1,-11.946274265574939,550,5,30
0.171564778964147,0.1504477945282109,U12,MAD_M6C12,24.998354102392803,6.135724487171257,WPG,SSPG,0.1499956098290851,0.30691710234264025,4.070633243596987,1.3531245360252004,5,-11.95084125373956,550,5,30
0.17153679303713176,0.1504591663152536,U12,MAD_M6C12,24.999595017964126,6.139894200694547,WPG,SSPG,0.14999642697314403,0.30690299533903226,4.073015635084078,1.3483581132867144,3,-11.947288082415975,550,5,30
0.17154460345967143,0.15046527949477853,U12,MAD_M6C12,24.998850923227526,6.1332761698392435,WPG,SSPG,0.14999731354742718,0.30691306301741234,4.070150683171349,1.3479220581333058,1,-11.945610486545869,550,5,30
0.17153031093201393,0.1504583893134413,U12,MAD_M6C12,24.9990765203016,6.1421785090995655,WPG,SSPG,0.14999812383083244,0.30689967007316704,4.06844835659119,1.3509610105219436,4,-11.941525704358183,550,5,30
0.1715390864221503,0.15045307613717074,U12,MAD_M6C12,24.999356115017513,6.120508875968527,WPG,SSPG,0.1499985590607399,0.30689912306417877,4.071280660167471,1.3495077331680547,7,-11.944628696188902,550,5,30
0.17162975939290068,0.15046109155428158,U12,MAD_M6C12,24.99907262836918,6.136513440825807,WPG,SSPG,0.149998507136215,0.30700834529388216,4.073631632173644,1.3468418567415306,4,-11.946161337352633,550,5,30
0.17157065826972973,0.1504496657514082,U12,MAD_M6C12,24.998899011055208,6.138483052847865,WPG,SSPG,0.14999831243064754,0.3069274896909792,4.07327164750727,1.3508464067344828,7,-11.95198394239178,550,5,30
0.1716156591435917,0.15044710031001762,U12,MAD_M6C12,24.99883392574368,6.143111697911067,WPG,SSPG,0.14999756694066,0.30697652965893407,4.0763348160545485,1.3484374066277227,2,-11.947670625509172,550,5,30
0.17154732364493533,0.1504484528478885,U12,MAD_M6C12,24.999285785862483,6.142005974028383,WPG,SSPG,0.14999917594747303,0.3069032912945686,4.074798770748109,1.3496841134844924,7,-11.95062817262331,550,5,30
0.17160395262402406,0.15044132626022189,U12,MAD_M6C12,24.998811388496488,6.14457319149144,WPG,SSPG,0.149999675074309,0.30697461553624983,4.081056379011446,1.3483516402078153,0,-11.956917296597464,550,5,30
0.17156747644595927,0.15044964146119558,U12,MAD_M6C12,24.99857812730401,6.141708571604048,WPG,SSPG,0.14999918576045396,0.3069414997649695,4.0788695233197965,1.3463748389664234,6,-11.938610704845566,550,5,30
0.17158635671638578,0.15043881137998286,U12,MAD_M6C12,24.998763105981304,6.130253562036676,WPG,SSPG,0.1499985211015719,0.3069454907304686,4.079342849898421,1.347494144956261,6,-11.954619177802574,550,5,30
0.17158418958320684,0.1504423896105343,U12,MAD_M6C12,24.998968535345114,6.142290063874057,WPG,SSPG,0.14999907856917685,0.3069461628167467,4.078353114852937,1.3471561584429455,2,-11.952808618927639,550,5,30
0.17160351032957197,0.15045006576469555,U12,MAD_M6C12,24.999240916927008,6.14355656588266,WPG,SSPG,0.14999856444035092,0.30697940139982277,4.079028598099661,1.345891645153373,3,-11.945580349860354,550,5,30
0.17154411749972096,0.15044377130046116,U12,MAD_M6C12,24.999370611138946,6.140226638683982,WPG,SSPG,0.14999931261343602,0.30691781977598165,4.079556776598532,1.3463186770742177,2,-11.948127658987111,550,5,30
0.17159396024894807,0.15044327011186673,U12,MAD_M6C12,24.998895659911618,6.144369021282877,WPG,SSPG,0.1499993422290598,0.30697353645360514,4.0813599150254785,1.3477849085134408,0,-11.954109825706308,550,5,30
0.17160307543039088,0.15044138947445518,U12,MAD_M6C12,24.99892840005608,6.145890748542416,WPG,SSPG,0.14999973538873637,0.3069784275384086,4.083674450485024,1.3462486072791453,3,-11.955198280072391,550,5,30
0.17161337194998372,0.1504347960252761,U12,MAD_M6C12,24.99903535101192,6.14016457813824,WPG,SSPG,0.14999968515536155,0.3069773946899709,4.083863680211673,1.3474303946663229,1,-11.957417723372453,550,5,30
0.17158489237224794,0.15044598419744207,U12,MAD_M6C12,24.99867805300984,6.1456818828667945,WPG,SSPG,0.14999950423674238,0.3069667000970584,4.080079183097501,1.347926917013265,4,-11.951709434878735,550,5,30
