time,slide_x,slide_z,left_hip,left_knee,right_hip,right_knee,ctrl_left,ctrl_right
0.0003161430358886719,8.811135376733533e-20,-1.1965620356741557e-05,-2.748921157935543,1.928646573037516,-0.39267149565425047,-1.928646573037516,1.2919415762882223,-19.637856
0.0008077621459960938,2.297587233108232e-05,1.6000474229184353e-05,-2.749544937354947,1.9293857193379884,-0.392241600169591,-1.9293472886834562,1.2682237918783756,-19.637856
0.0010941028594970703,6.894794099293628e-05,6.86843266884907e-05,-2.7503258151114656,1.9302313002017033,-0.3918445098667238,-1.9301192695256297,1.2416102994500149,-19.637856
0.0013530254364013672,0.00013793847233977173,0.00014642057898101227,-2.751243908043546,1.9311565235688188,-0.3914966481993475,-1.9309385213736676,1.212647691525292,-19.637856
0.0016078948974609375,0.0002299720071103698,0.00024949521513276856,-2.7522809795085137,1.9321368614959264,-0.39121324546811725,-1.931782914012357,1.1818389833425158,-19.637856
0.0018768310546875,0.00034507558509068095,0.0003781492929423987,-2.7534203152107644,1.9331498771361917,-0.3910084019965116,-1.932632063677973,1.1496466525214482,-19.637856
0.0021333694458007812,0.0004832788815034612,0.0005325823443706664,-2.7546466081257206,1.9341750649532679,-0.3908951482981851,-1.933467221587006,1.116495435665175,-19.637856
0.002395153045654297,0.0006446142034655071,0.0007129554643235297,-2.755945863874139,1.935193711748239,-0.390885501490545,-1.9342711728178617,1.0827746072625748,-19.637856
0.0026466846466064453,0.0008291142786255319,0.0009193936066533362,-2.757305693325186,1.9361890401349706,-0.39099048645111567,-1.9350282877965708,1.0488305844609511,-19.637856
0.002910614013671875,0.001036814693504523,0.001151989650419687,-2.758714745716498,1.9371457414687967,-0.39122023163757924,-1.9357242479450962,1.0149851300496562,-19.637856
0.0031638145446777344,0.0012677538016087426,0.0014108067090551398,-2.7601626329224116,1.9380498657524763,-0.39158401900246304,-1.9363459572376545,0.9815322379639023,-19.637856
0.003412008285522461,0.0015219726042641777,0.0016958802658449896,-2.7616398588581887,1.9388887195881728,-0.3920903317471718,-1.9368814585104888,0.9487400131720438,-19.637856
0.0036673545837402344,0.0017995146099122035,0.002007220151698254,-2.7631377536599384,1.9396507715238538,-0.3927468999608184,-1.937319854346486,0.9168524327180155,-19.637856
0.0039288997650146484,0.0021004256766918323,0.002344812379163806,-2.764648412304444,1.9403255641984982,-0.39356074418592973,-1.9376512323655288,0.8860909980173576,-19.637856
0.004177093505859375,0.002424753842340284,0.002708620844964676,-2.766164637356241,1.9409036327430629,-0.3945382169544274,-1.9378665947562517,0.8566562867546943,-19.637856
0.004425048828125,0.0027725491447594523,0.003098588911914429,-2.767679885551121,1.9413764289428752,-0.39568504234108537,-1.93795779188686,0.8287294113221585,-19.637856
0.004674434661865234,0.003143863436009188,0.0035146408798875546,-2.769188217945896,1.9417362507118225,-0.3970063535864697,-1.9379174598332158,0.8024733896178068,-19.637856
0.0049288272857666016,0.003538750191987278,0.0039566833544984765,-2.7706842533838105,1.9419761764695052,-0.39850672884626215,-1.9377389616623377,0.7780344331417121,-19.637856
0.005180835723876953,0.003957264319629318,0.004424606521268369,-2.7721631250435386,1.942090004049603,-0.40019022512831615,-1.9374163323093503,0.755543156643566,-19.637856
0.005430698394775391,0.004399461963099215,0.0049182853322999286,-2.7736204398572517,1.9420721938013426,-0.4020604104825245,-1.9369442268860595,0.7351157130536731,-19.637856
0.0056841373443603516,0.004865400310133922,0.005437580611817891,-2.7750522405998406,1.9419178155764354,-0.4041203945114821,-1.9363178722599061,0.716854857037812,-19.637856
0.005938053131103516,0.005355137399446727,0.005982340086351932,-2.7764549704670123,1.941622499321457,-0.4063728572719956,-1.9355330217431435,0.7008509402305002,-19.637856
0.006192207336425781,0.005868731929875766,0.006552399344826596,-2.777825439974654,1.9411823890205966,-0.4088200766387746,-1.9345859127337468,0.6871828409974646,-19.637856
0.006448984146118164,0.006406243071783304,0.007147582733370418,-2.7791607960255287,1.940594099756265,-0.41146395420220444,-1.933473227151791,0.6759188314377113,-19.637856
0.006704568862915039,0.0069677299170941304,0.007767703231981243,-2.780458570140925,1.9398547702086562,-0.4143060020401334,-1.9321921129114323,0.6671139976085707,-19.637856
0.006994009017944336,0.007553251654152806,0.0084125642214569,-2.7817165755185136,1.9389619338680428,-0.417347401423435,-1.9307400948726405,0.6608160999734991,-19.637856
0.007253408432006836,0.008162867455865499,0.009081960391178985,-2.7829328671181828,1.9379134666463538,-0.420589032119346,-1.9291150313566012,0.6570651148140874,-19.637856
0.007527828216552734,0.00879663629354879,0.009775678382843192,-2.7841057199635233,1.9367075567567336,-0.4240314926870356,-1.9273150849388045,0.6558934635325351,-19.637856
0.007791757583618164,0.0094546167551889,0.01049349739120319,-2.7852336087860734,1.9353426765423127,-0.4276751196824511,-1.925338695272818,0.6573265889629509,-19.637856
0.008049726486206055,0.010136866867936682,0.011235189724546511,-2.7863151889427455,1.9338175561445001,-0.43152000583818434,-1.9231845538105468,0.661383485168693,-19.637856
0.00830078125,0.010843443867638577,0.012000521946548267,-2.787349365823835,1.9321312245323528,-0.43556601687029733,-1.9208516134998865,0.668074687842176,-19.637856
0.008548736572265625,0.011574403973237939,0.012789258449435643,-2.7883358043741198,1.9302833658283225,-0.43981277979386935,-1.91833928732744,0.6773896243923179,-19.637856
0.00879979133605957,0.012329802639238828,0.013601159876092415,-2.7892742429785224,1.9282738235614403,-0.4442597206655645,-1.9156471858262865,0.6893200742398489,-19.637856
0.009047508239746094,0.01310969441670212,0.014435982490635733,-2.790164571656045,1.9261026716314562,-0.44890601930906243,-1.9127751998277687,0.7038499631391901,-19.637856
0.00929403305053711,0.013914132717319862,0.015293480299475084,-2.7910066881785482,1.9237700574066183,-0.45375072667487976,-1.9097233081819123,0.7209612981714472,-19.637856
0.009547233581542969,0.01474316970527279,0.016173405212622956,-2.7918004959749885,1.9212761915551342,-0.4587927742174069,-1.9064915669640496,0.7406335661821335,-19.637856
0.009797096252441406,0.015596856188586037,0.017075507198853538,-2.792545901761514,1.918621338487021,-0.46403098300086426,-1.90308009932821,0.7628438629421166,-19.637856
0.01004338264465332,0.016475241510403665,0.017999534435476153,-2.793242812956898,1.9158058073820785,-0.4694640725578845,-1.8994890859436488,0.7875670055297269,-19.637856
0.010291337966918945,0.017378373440669555,0.018945233453208175,-2.7938911349382347,1.9128299437789937,-0.47509066951508766,-1.8957187559628246,0.8147756293158073,-19.637856
0.01054072380065918,0.018306298968015104,0.01991235131544482,-2.794490755141138,1.9096941768040068,-0.48090911934273795,-1.8917695091786524,0.8444374162663346,-19.637856
0.01079249382019043,0.019259063817711156,0.02090063576564074,-2.795041540698288,1.9063989861482777,-0.48691758604859475,-1.8876418461892408,0.8765183545366783,-19.637856
0.011132478713989258,0.020236711723179136,0.021909834330257543,-2.7955433421513445,1.9029448530977646,-0.49311420821259777,-1.8833362611323783,0.9109842071363096,-19.637856
0.011384963989257812,0.021239284349355625,0.022939694398772182,-2.795995990872905,1.8993322548024587,-0.4994971023609855,-1.878853237224888,0.9477991309440907,-19.637856
0.011632204055786133,0.022266821218211462,0.02398996329930402,-2.7963992965926376,1.8955616589725839,-0.5060643664656864,-1.8741932425024965,0.9869256896511382,-19.637856
0.011884927749633789,0.023319359636695937,0.025060388370009127,-2.7967530450361844,1.8916335189776163,-0.5128140835513871,-1.8693567257377217,1.0283248550987134,-19.637856
0.01213526725769043,0.024396934627415857,0.026150717026218188,-2.797056995685237,1.8875482693249792,-0.5197443253896641,-1.8643441125196025,1.071955997900814,-19.637856
0.01239156723022461,0.025499578862377657,0.027260696823156762,-2.797310879666742,1.8833063214963945,-0.5268531562579937,-1.859155801483861,1.1177768680647708,-19.637856
0.012640953063964844,0.026627322600122606,0.028390075513979277,-2.797514397778537,1.878908060121057,-0.5341386367410387,-1.853792160685569,1.1657435661762203,-19.637856
0.012894153594970703,0.02778019362657414,0.029538601102765873,-2.7976672186578813,1.874353839465989,-0.5415988275520961,-1.8482535241088258,1.215810505595622,-19.637856
0.013140678405761719,0.028958217199895626,0.030706021892070133,-2.7977689770984093,1.8696439802251075,-0.5492317933537456,-1.8425401883095438,1.2679303660166301,-19.637856
0.013387680053710938,0.030161415867631585,0.031892085394420816,-2.797819338724329,1.8647788213725274,-0.5570356015576946,-1.8366524608142973,1.322052300141777,-19.637856
0.013634681701660156,0.031389809299914744,0.033096537426135324,-2.797818052896659,1.8597587625566112,-0.5650083220402962,-1.8305906986601534,1.3781205016871445,-19.637856
0.013888120651245117,0.03264341446849338,0.03431912437170259,-2.7977648196647653,1.8545841528196518,-0.5731480403775925,-1.8243552017616915,1.4360776760600311,-19.637856
0.014134407043457031,0.03392224562432448,0.035559593186796495,-2.7976592890485925,1.849255288568877,-0.5814528617511082,-1.8179462106859556,1.4958649339635222,-19.637856
0.014380693435668945,0.0352263142783732,0.03681769139362741,-2.7975010605063746,1.8437724118182108,-0.5899209147302721,-1.8113639044989431,1.5574216824493348,-19.637856
0.014626264572143555,0.03655562918589103,0.038093167068100106,-2.7972896825809848,1.8381357086787935,-0.5985503549256199,-1.8046083986880201,1.6206855103514162,-19.637856
0.014879703521728516,0.037910196334379545,0.03938576881824623,-2.797024652718238,1.8323453080784249,-0.6073393685091234,-1.7976797431627638,1.6855920678833112,-19.637856
0.015125513076782227,0.039290018935387194,0.04069524575340018,-2.7967054172505486,1.826401280691979,-0.6162861756000008,-1.7905779203349903,1.752074940207047,-19.637856
0.01537775993347168,0.04069509742023197,0.04202134744358762,-2.796331371539365,1.820303638066498,-0.6253890335161901,-1.783302843277148,1.8200655148043074,-19.637856
0.015630722045898438,0.042125429439693794,0.04336382386859512,-2.795901860269803,1.8140523319261412,-0.6346462398933104,-1.7758543539568186,1.8894928425029864,-19.637856
0.015883445739746094,0.043581009867676025,0.04472242535618782,-2.795416177890873,1.8076472536434502,-0.6440561356744074,-1.7682322215437705,1.9602834920321413,-19.637856
0.01613306999206543,0.04506183080879529,0.04609690250893828,-2.7948735691946673,1.8010882338645542,-0.6536171079750993,-1.7604361407848417,2.0323613979976427,-19.637856
0.016384363174438477,0.046567880049842476,0.04748702148678224,-2.7942732835705257,1.7943753383797567,-0.6633268950472084,-1.7524663214531362,2.1056326948216273,-19.637856
0.016630887985229492,0.04809914282634625,0.04889255136712188,-2.7936144939155994,1.7875085248759965,-0.6731833920485333,-1.744322802558728,2.1800121039585862,-19.637856
0.01688408851623535,0.04965560192216813,0.050313263774355986,-2.7928962998543034,1.7804876448955906,-0.6831846460876746,-1.7360054569601833,2.255412593509174,-19.637856
0.017131567001342773,0.051237237755658985,0.05174893256067771,-2.792117731483094,1.7733124473821889,-0.6933288482661323,-1.7275139986226469,2.3317450134482023,-19.637856
0.017377614974975586,0.05284402846027423,0.05319933348388431,-2.7912777531922726,1.765982582246555,-0.7036143263184598,-1.7188479894175765,2.408917774758232,-19.637856
0.017624378204345703,0.05447594996016553,0.05466424388298109,-2.790375267499811,1.75849760390552,-0.7140395378913985,-1.7100068454074837,2.4868365291355943,-19.637856
0.017875194549560547,0.05613297604131379,0.056143442351873636,-2.7894091188459016,1.7508569747563594,-0.7246030644856386,-1.7009898425756358,2.565403850061386,-19.637856
0.01811981201171875,0.057815078418780246,0.05763670841100492,-2.78837809730926,1.7430600685571356,-0.735303606068978,-1.6917961219752844,2.644518915686977,-19.637856
0.01836562156677246,0.05952223977367885,0.059143852265156685,-2.7872806632181995,1.7351049058048165,-0.7461413573419531,-1.6824233175224201,2.724120136820986,-19.637856
0.01861119270324707,0.06125447489856526,0.06066475957819253,-2.786114446645664,1.7269862334098132,-0.7571200235222687,-1.6728654748980114,2.8042216241001343,-19.637856
0.01886272430419922,0.06301179168949235,0.06219930993459105,-2.7848765719650874,1.7186990644243048,-0.7682424884039657,-1.6631169744575687,2.884748983872552,-19.637856
0.019106626510620117,0.0647941655393097,0.06374731803135468,-2.7835644929111543,1.7102411746069877,-0.779508411448876,-1.6531751880646204,2.9655401304796642,-19.637856
0.019350767135620117,0.06660174473575965,0.06530891929156117,-2.7821733912162605,1.7015959347854823,-0.7909341578232512,-1.6430215423288823,3.046973625739607,-19.637856
0.019594430923461914,0.06843447958931315,0.066883886942353,-2.7807001790402937,1.6927629257218288,-0.8025166602355209,-1.6326553470067287,3.1285319120888277,-19.637856
0.01983928680419922,0.07029232382685646,0.06847196443262944,-2.7791433644615178,1.6837425352517463,-0.814253593369246,-1.6220764215475154,3.21005333583147,-19.637856
0.0200808048248291,0.07217522975261967,0.07007289656520424,-2.777501458944192,1.6745349582264581,-0.8261428573872461,-1.61128434237142,3.2913633114769705,-19.637856
0.020323753356933594,0.07408314832165343,0.07168642892555652,-2.7757729712756847,1.6651402049104138,-0.8381825704930286,-1.6002784509773944,3.3722823960351143,-19.637856
0.020571470260620117,0.07601602921263523,0.07331230729807739,-2.7739564026060575,1.6555581091047045,-0.8503710627771288,-1.589057860501663,3.452625826887868,-19.637856
0.020819425582885742,0.07797382089971379,0.07495027706541511,-2.7720502424975257,1.6457883359997796,-0.8627068711304585,-1.5776214609562207,3.5322030631173216,-19.637856
0.021059513092041016,0.07995647097493327,0.07660008327430037,-2.770053182295863,1.635830647409889,-0.8751886128730071,-1.5659681395105163,3.610808493381287,-19.637856
0.021299362182617188,0.08196392695204918,0.07826147218956712,-2.7679644763205165,1.6256853430162392,-0.8878147786360573,-1.5540971518603608,3.6882115204090873,-19.637856
0.02155017852783203,0.08399613593417095,0.07993419047123956,-2.765783287401142,1.6153524940774662,-0.9005840945012974,-1.542007485864092,3.764191796056978,-19.637856
0.021794795989990234,0.08605304471256953,0.0816179843327994,-2.7635086930065174,1.6048319574587429,-0.9134955175243443,-1.5296978660508953,3.8385232156803206,-19.637856
0.022036314010620117,0.08813459986157768,0.08331259868270834,-2.761139691340103,1.5941233888726867,-0.9265482319041882,-1.5171667573087566,3.91097337181027,-19.637856
0.022277116775512695,0.09024074782895739,0.08501777624626712,-2.7586752074108083,1.5832262554109302,-0.9397416457908754,-1.5044123677541843,3.9813029995935265,-19.637856
0.02252054214477539,0.09237143502115908,0.08673325666479365,-2.756114099088924,1.5721398474420307,-0.9530753887300238,-1.4914326507788693,4.049265413058653,-19.637856
0.02277970314025879,0.09452660788293786,0.08845877556896412,-2.7534551631592596,1.560863289949139,-0.9665493097480837,-1.4782253062621749,4.114605931180653,-19.637856
0.023035526275634766,0.0967062129708266,0.09019406362299379,-2.7506971413860146,1.5493955533794583,-0.9801634760873027,-1.4647877809320888,4.1770612925971475,-19.637856
0.02327752113342285,0.09891024460533557,0.09193888891251321,-2.7478376766513253,1.5377322345600712,-0.993921288592287,-1.451113853075013,4.236457423921894,-19.637856
0.023515701293945312,0.1011390036405336,0.09369327835641503,-2.744867525633881,1.5258481654370102,-1.0078461222735886,-1.437175179968279,4.293153217100136,-19.637856
0.023760318756103516,0.10339288695938267,0.09545742955018086,-2.7417696981502426,1.5137064936174922,-1.0219682861808148,-1.4229316588617786,4.347301675880791,-19.637856
0.02400064468383789,0.10567194978865353,0.09723127763732219,-2.7385300067178524,1.5012886285462639,-1.0362980389462915,-1.408361701850866,4.398242794976841,-19.637856
0.02424001693725586,0.10797879841556787,0.09901752304056763,-2.7350785945910006,1.4884145692065172,-1.050988341530806,-1.3932819213513619,4.450327149802538,-19.637856
0.024474620819091797,0.110317694895998,0.1008135637717506,-2.731346682134757,1.4747938626364112,-1.0663944673683556,-1.3773252909252969,-18.564059623616068,19.637856
0.02454829216003418,0.11263083922423377,0.10251646472912981,-2.7286811299748353,1.4628310979142023,-1.0805794297640028,-1.3631366937120937,-13.615064895935616,19.637856
0.024608373641967773,0.11491389380184437,0.10413962392634106,-2.7268585901033884,1.4523139356310086,-1.093605820628936,-1.350519160674779,-9.689079300676127,19.637856
0.02466607093811035,0.11716344661181827,0.10569386585377796,-2.725702394479662,1.4430721727082163,-1.1055263340545085,-1.3393133475584924,-6.572315593216713,19.637856
0.02472233772277832,0.11937683123914346,0.10718797636134732,-2.725072466748801,1.434968919968382,-1.11638544559142,-1.329390083587307,-4.097264983165169,19.637856
0.024782896041870117,0.12155198033160039,0.10862911757252981,-2.7248574846480556,1.4278936659187906,-1.1262208488768186,-1.3206443706256008,-2.132356931809709,19.637856
0.02484416961669922,0.12368730739240134,0.1100231511445486,-2.7249687693409843,1.4217568143586807,-1.1350646665149804,-1.312990556917561,-0.5740298425392133,19.637856
0.024900197982788086,0.12578161201730736,0.11137489109453264,-2.725335507504208,1.416485377035252,-1.142944459810781,-1.306358459439235,0.6593854126331307,19.637856
0.02495551109313965,0.12783400423604263,0.1126883022302714,-2.725901006680045,1.4120195735949752,-1.1498840641554227,-1.3006902507289195,1.632405593444612,19.637856
0.025010347366333008,0.12984384417166225,0.11396665636936187,-2.7266197672319388,1.4083101817494945,-1.1559042894693337,-1.2959379267905538,2.396142745744816,19.637856
0.025064945220947266,0.13181069403165663,0.11521265587193392,-2.72745517596544,1.4053164371178153,-1.1610234929071812,-1.2920612755546532,2.9911535459103717,19.637856
0.025120258331298828,0.13373428000255302,0.11642853164199227,-2.7283776766246435,1.4030043402748105,-1.1652580350887853,-1.2890262749023103,3.4496221436312986,19.637856
0.02517390251159668,0.13561446200913388,0.11761612100548366,-2.7293633241660182,1.4013453100341138,-1.1686226481608522,-1.2868038169584926,3.797118125735172,19.637856
0.025228023529052734,0.1374512097335794,0.118776929784905,-2.730392641097147,1.4003151112309375,-1.1711307315244934,-1.2853686937209374,4.05397990688705,19.637856
0.0252840518951416,0.13924458361870812,0.11991218194103641,-2.731449711949555,1.3998930003809789,-1.1727945885059674,-1.2846987917371504,4.236405144749737,19.637856
0.025337696075439453,0.14099471984485815,0.12102285941891634,-2.7325214657364376,1.4000610444298471,-1.1736256149934146,-1.2847744538061685,4.357311393106682,19.637856
0.025391340255737305,0.14270181848209526,0.12210973426596582,-2.733597106974335,1.400803577117469,-1.1736344491239648,-1.2855779739795057,4.427016182859127,19.637856
0.025444746017456055,0.1443661341878861,0.12317339464686225,-2.7346676642284127,1.4021067648250125,-1.172831089467337,-1.2870931988241423,4.45377494517238,19.637856
0.025498151779174805,0.1459879689534867,0.124214266033524,-2.7357256317059773,1.403958259575795,-1.1712249877838106,-1.2893052132907379,4.444206860902583,19.637856
0.02555227279663086,0.14756766650711645,0.12523262857751558,-2.7367646845767606,1.4063469214555813,-1.168825121301139,-1.292200093852638,4.403632249272203,19.637856
0.02561020851135254,0.14910560806433326,0.12622863145960214,-2.737779452751743,1.4092625963572312,-1.1656400485217182,-1.2957647150512026,4.336340062388087,19.637856
0.025664806365966797,0.15060220918062134,0.1272023048442113,-2.7387653410444166,1.4126959378396848,-1.1616779518058997,-1.2999865983676289,4.245800105329772,17.708738229301133
0.02571892738342285,0.15206177471475396,0.12815592517716853,-2.739699943659451,1.4165659923496354,-1.157031768839397,-1.3047658655620167,4.0461673642418665,14.231329366838544
0.02577686309814453,0.15349174992426654,0.12909338134198658,-2.7405516465932185,1.4207396117332554,-1.1518603579642863,-1.3099386645475868,3.692105941059852,11.485085364209208
0.0258331298828125,0.1548981522895885,0.13001728911038546,-2.7413042985394527,1.4251199962892003,-1.1462865102768052,-1.3153845594174811,3.2564494730420757,9.30417098740171
0.02588677406311035,0.1562858661259019,0.1309293724152837,-2.7419520852488475,1.4296368866414544,-1.1404056114859689,-1.3210150571682073,2.788125593053169,7.5626769529873235
0.02594137191772461,0.1576588719914165,0.13183073546595964,-2.742495894128545,1.4342393741534403,-1.1342921390299006,-1.3267651564424812,2.319076426368958,6.164625017574354
0.025995731353759766,0.159020426004256,0.13272205637670548,-2.7429407656179796,1.4388906418941683,-1.128004546227426,-1.3325871303074537,1.8693103316150832,5.036522751282222
0.026050090789794922,0.1603732006251741,0.13360372438745272,-2.7432941305642458,1.443564123923316,-1.1215889446698417,-1.3384459559409319,1.450559357574953,4.121818442819396
0.02610468864440918,0.1617193957253243,0.13447593658970955,-2.7435646115765104,1.448240703916815,-1.115081890376688,-1.3443159561731364,1.068906727911503,3.3767676371544546
0.02615833282470703,0.16306082666487537,0.13533876563527056,-2.7437612257683597,1.4529066739962542,-1.108512500390578,-1.350178331726091,0.7266594982665375,2.767346775344274
0.02621173858642578,0.16439899451508502,0.13619220670657317,-2.7438928706197934,1.4575522488177812,-1.1019040679410637,-1.3560193476677473,0.42367173281560777,2.266943264942678
0.02626514434814453,0.1657351423472939,0.13703620971759017,-2.743968007458011,1.4621704847904557,-1.0952753009631961,-1.3618290002359328,0.1582701034052274,1.8546216018351855
0.02631831169128418,0.16707030059577632,0.13787070104424334,-2.7439944811153008,1.4667564946271432,-1.0886412767131952,-1.367600036366552,-0.07210649172292247,1.5138174321797402
0.026372194290161133,0.16840532380671197,0.13869559787555633,-2.743979431888357,1.4713068770241307,-1.08201418154467,-1.3733272322284251,-0.2704717638756962,1.2313501299825436
0.026430130004882812,0.169740920558523,0.1395108174032398,-2.7439292686857226,1.4758193029351612,-1.0754038874037641,-1.3790068620155687,-0.4400020566102174,0.9966730203435475
0.026483535766601562,0.17107767793825557,0.14031628243591018,-2.7438496814799356,1.4802922157507903,-1.068818403647092,-1.3846363065545209,-0.5838486626113353,0.8013014224787413
0.026537418365478516,0.17241608165342628,0.14111192456805044,-2.743745677825513,1.4847246142687918,-1.0622642331842465,-1.3902137647105277,-0.7050215320668775,0.638374187061514
0.026590824127197266,0.1737565326253461,0.14189768570488212,-2.743621632963898,1.4891158957905901,-1.0557466548148637,-1.395738040420932,-0.8063222137174441,0.502315821561875
0.026644468307495117,0.1750993607307517,0.1426735185075503,-2.743481346427728,1.4934657428429838,-1.049269948320184,-1.401208385402386,-0.8903102237183889,0.3885747160009322
0.026697874069213867,0.17644483622039303,0.143439386153044,-2.74332810045727,1.4977740415196383,-1.0428375749041605,-1.4066243828719958,-0.9592916391244652,0.2934191958021483
0.026751041412353516,0.17779317923612847,0.14419526168164887,-2.743164717227753,1.5020408227135227,-1.0364523226092155,-1.4119858615055867,-1.0153220339704603,0.21377772289614017
0.0268094539642334,0.1791445677646228,0.14494112711806695,-2.7429936130588257,1.5062662198989227,-1.0301164240991534,-1.4172928317058568,-1.0602182640036792,0.1471129698605474
0.02686333656311035,0.18049914430034042,0.14567697249091524,-2.7428168485825486,1.510450438860387,-1.023831652516948,-1.422545438345335,-1.095575316060349,0.0913220191448122
0.026916980743408203,0.18185702143896798,0.14640279483207,-2.742636174390141,1.5145937360315291,-1.0175993998483572,-1.4277439256859379,-1.1227856564003722,0.04465682092645323
0.02697134017944336,0.18321828658151276,0.1471185972071347,-2.7424530720366467,1.5186964030271854,-1.0114207412504266,-1.4328886113065815,-1.143059375198372,0.005660448006406994
0.027024507522583008,0.18458300589670557,0.14782438780746324,-2.7422687905118797,1.5227587556215345,-1.005296488060556,-1.4379798667011918,-1.1574440310352994,-0.026884261465410075
0.027077436447143555,0.1859512276631617,0.14852017911998142,-2.742084378425051,1.5267811259106727,-0.9992272316303604,-1.4430181028210105,-1.1668435217820696,-0.05399629148956021
0.0271303653717041,0.18732298509162912,0.14920598718157585,-2.7419007122276584,1.5307638567505886,-0.9932133796869435,-1.4480037592855575,-1.1720355990632805,-0.07653028693028224
0.027186870574951172,0.18869829871051227,0.14988183091866483,-2.74171852083466,1.5347072978168232,-0.9872551865810919,-1.4529372963186622,-1.173687840454224,-0.09520421195748816
0.027243375778198242,0.19007717838387897,0.15054773156872386,-2.7415384070118973,1.5386118028168125,-0.9813527785138223,-1.457819188710952,-1.1723720240938489,-0.11062205230939573
0.02730274200439453,0.19145962501970035,0.15120371217829168,-2.741360865888158,1.542477727519297,-0.9755061746220789,-1.4626499212910646,-1.1685769342345869,-0.12329252205128506
0.02735614776611328,0.1928456320166409,0.15184979717081853,-2.7411863009301025,1.5463054283613322,-0.969715304637952,-1.467429985521532,-1.1627196775807265,-0.13364453304170348
0.02740931510925293,0.19423518648991997,0.15248601197727477,-2.7410150376923124,1.550095261462567,-0.9639800237035363,-1.4721598769341533,-1.1551556192376713,-0.14204002889397058
0.02746295928955078,0.1956282703102972,0.15311238272245908,-2.7408473356260883,1.553847581926052,-0.9583001248178881,-1.476840093192889,-1.1461870609348286,-0.14878466371818097
0.027516841888427734,0.1970248609848514,0.15372893596025541,-2.740683398201531,1.5575627433403176,-0.9526753493076541,-1.4814711326265537,-1.1360707880094196,-0.15413671103340706
0.02756977081298828,0.19842493240372663,0.15433569845156273,-2.740523381569131,1.5612410974227406,-0.9471053956444148,-1.4860534931138347,-1.1250246090447267,-0.15831451370885244
0.027624130249023438,0.19982845547325767,0.15493269697918002,-2.7403674019604436,1.5648829937621878,-0.9415899268761644,-1.490587671233038,-1.113233005546097,-0.16150272692997197
0.027677297592163086,0.2012353986527293,0.15551995819451586,-2.7402155420028476,1.5684887796316265,-0.9361285768950143,-1.4950741616111798,-1.100852000331782,-0.16385755943595218
0.027730941772460938,0.20264572840937095,0.156097508491571,-2.7400678561010663,1.5720587998503375,-0.9307209557260774,-1.4995134564235653,-1.0880133435776749,-0.16551118094238873
0.02778911590576172,0.2040594096039518,0.15666537390419458,-2.739924375018124,1.575593396681633,-0.9253666539919713,-1.5039060450072965,-1.0748281054540085,-0.16657543369089922
0.027842283248901367,0.205476405817457,0.1572235800231242,-2.739785109770626,1.5790929097563446,-0.920065246682184,-1.5082524135613338,-1.0613897545194924,-0.16714496187924896
0.027895450592041016,0.20689667962773184,0.15777215192978464,-2.739650054937577,1.5825576760153686,-0.9148162963356873,-1.5125530449125733,-1.047776791794661,-0.16729985310978868
0.0279538631439209,0.20832019284363518,0.15831111414423538,-2.739519191468194,1.5859880296666247,-0.9096193557278529,-1.5168084183325212,-1.0340550018872106,-0.1671078700098621
0.02800726890563965,0.2097469067031017,0.15884049058502542,-2.7393924890621824,1.5893843021532115,-0.9044739701382907,-1.5210190093929656,-1.0202793747648213,-0.16662633709746388
0.0280611515045166,0.21117678204054854,0.15936030453903735,-2.7392699081855216,1.5927468221304868,-0.8993796792641675,-1.5251852898519065,-1.0064957447837692,-0.1659037372155161
0.02811431884765625,0.21260977942824127,0.15987057863968454,-2.7391514017757777,1.596075915450457,-0.8943360188334741,-1.5293077275631484,-0.9927421873644803,-0.16498106299093981
0.028167724609375,0.21404585929554065,0.1603713348520698,-2.7390369166831676,1.5993719051522792,-0.889342521964237,-1.5333867864045634,-0.9790502082157976,-0.16389296143475174
0.028222084045410156,0.21548498202936156,0.16086259446392506,-2.7389263948868865,1.6026351114579755,-0.884398720308559,-1.5374229262212387,-0.965445755191777,-0.16266870370367933
0.028278112411499023,0.21692710805867477,0.16134437808133276,-2.7388197745204326,1.605865851772637,-0.8795041450143808,-1.5414166027806235,-0.9519500786583627,-0.1613330069676849
0.028331995010375977,0.2183721979254574,0.16181670562838468,-2.7387169907347073,1.609064440688533,-0.874658327532808,-1.5453682677374752,-0.9385804625896302,-0.15990673108863243
0.028385400772094727,0.21982021234413612,0.162279596350067,-2.7386179764234284,1.6122311899926198,-0.8698608002945881,-1.549278368606906,-0.9253508454425028,-0.1584074692680956
0.028438568115234375,0.22127111225126067,0.16273306881777247,-2.7385226628317474,1.615366408677007,-0.8651110972757212,-1.5531473487442262,-0.9122723471204123,-0.15685004884613452
0.028491973876953125,0.22272485884688376,0.16317714093693722,-2.738430980065865,1.6184704029519859,-0.8604087544691454,-1.556975647330559,-0.899353715974569,-0.15524695593341958
0.028545379638671875,0.22418141362890232,0.16361182995638054,-2.738342857518776,1.6215434762612622,-0.8557533102768621,-1.5607636993634282,-0.8866017077604903,-0.1536086954541035
0.028598785400390625,0.22564073842142576,0.164037152478995,-2.7382582242250106,1.6245859292990608,-0.8511443058346834,-1.5645119356516797,-0.8740214067227079,-0.15194409640351406
0.028651952743530273,0.2271027953980772,0.16445312447349214,-2.7381770091553115,1.627598060028806,-0.8465812852799378,-1.5682207828142236,-0.8616164974854115,-0.15026057062765288
0.028708934783935547,0.22856754710099697,0.16485976128695842,-2.738099141460531,1.630580163703101,-0.8420637959709004,-1.5718906632821796,-0.8493894951451799,-0.14856433216688153
0.028769493103027344,0.23003495645620212,0.16525707765801723,-2.738024550672637,1.6335325328847594,-0.8375913886653868,-1.5755219953040773,-0.8373419398670208,-0.14686058313625455
0.028824329376220703,0.2315049867858571,0.1656450877304273,-2.7379531668695223,1.6364554574686643,-0.8331636176648214,-1.5791151929538205,-0.825474561347912,-0.145153671210001
0.028877735137939453,0.2329776018179268,0.16602380506697778,-2.737884920809286,1.639349224704253,-0.8287800409291337,-1.582670666141165,-0.813787417713334,-0.14344722301024565
0.02893209457397461,0.23445276569361262,0.16639324266356373,-2.7378197440388097,1.6422141192184518,-0.8244402201670251,-1.586188820624493,-0.8022800127291994,-0.14174425705052612
0.028985023498535156,0.23593044297291121,0.1667534129633475,-2.7377575689807,1.645050423038903,-0.8201437209054561,-1.589670058025693,-0.7909513946309061,-0.14004727933308203
0.029037952423095703,0.2374105986385843,0.16710432787092788,-2.7376983290020527,1.6478584156173461,-0.8158901125416224,-1.5931147758469728,-0.7798002393749641,-0.13835836423119438
0.02909088134765625,0.23889319809878462,0.16744599876645352,-2.737641958467964,1.6506383738530415,-0.8116789683801887,-1.5965233674894503,-0.7688249206967824,-0.13667922289122755
0.0291445255279541,0.2403782071885457,0.16777843651962934,-2.737588392782266,1.6533905721161297,-0.8075098656581269,-1.5998962222733824,-0.7580235689986298,-0.13501126105156547
0.029198408126831055,0.2418655921703115,0.16810165150357437,-2.73753756841757,1.6561152822708496,-0.8033823855591476,-1.6032337254598972,-0.7473941207863523,-0.13335562788978897
0.02925252914428711,0.24335531973365615,0.16841565360849836,-2.737489422936399,1.6588127736985419,-0.7992961132194111,-1.606536258274113,-0.7369343601126119,-0.13171325726610952
0.02930593490600586,0.24484735699431975,0.16872045225517066,-2.737443895004889,1.661483313320385,-0.7952506377259414,-1.609804197929526,-0.7266419532641522,-0.13008490252468385
0.029362916946411133,0.24634167149266864,0.1690160564081614,-2.7374009244003332,1.664127165619819,-0.7912455521089538,-1.6130379176535627,-0.7165144777415783,-0.12847116583890836
0.029416561126708984,0.24783823119167098,0.1693024745888393,-2.737360452013619,1.6667445926646232,-0.7872804533291134,-1.6162377867141995,-0.7065494464212346,-0.1268725229378115
0.029473543167114258,0.24933700447446525,0.16957971488811485,-2.7373224198474677,1.6693358541286225,-0.7833549422605915,-1.6194041704475504,-0.6967443276523588,-0.12528934392372404
0.029527664184570312,0.25083796014158716,0.16984778497892036,-2.737286771011217,1.6719012073130104,-0.7794686236706455,-1.62253743028634,-0.6870965619279842,-0.12372191078415945
0.029581785202026367,0.25234106740791096,0.17010669212842125,-2.7372534497127954,1.6744409071672732,-0.7756211061963407,-1.6256379237891754,-0.6776035756698289,-0.12217043210906729
0.02963542938232422,0.25384629589935176,0.17035644320995566,-2.7372224012484048,1.6769552063097155,-0.7718120023189322,-1.6287060046705388,-0.6682627925846587,-0.12063505544706853
0.02968883514404297,0.25535361564937004,0.1705970447147004,-2.7371935719903773,1.6794443550475873,-0.7680409283363452,-1.6317420228314294,-0.6590716429787081,-0.11911587766819855
0.02974224090576172,0.256862997095311,0.1708285027630634,-2.7371669093735647,1.6819086013968163,-0.7643075043341214,-1.6347463243905815,-0.6500275713576552,-0.11761295364476441
0.0298001766204834,0.25837441107460896,0.17105082311580372,-2.737142361880583,1.6843481911013571,-0.7606113541551435,-1.6377192517161965,-0.6411280425883908,-0.11612630351409006
0.02985382080078125,0.25988782882088,0.17126401118488127,-2.737119879026173,1.6867633676521638,-0.7569521053683959,-1.6406611434581257,-0.6323705468559527,-0.11465591874673506
0.0299069881439209,0.2614032219599252,0.17146807204403913,-2.737099411340894,1.689154372305804,-0.7533293892369829,-1.643572334580448,-0.6237526036130493,-0.11320176720917674
0.02996039390563965,0.26292056250566065,0.1716630104391217,-2.7370809103543303,1.691521444102725,-0.7497428406855856,-1.6464531563943858,-0.6152717646880684,-0.11176379738114266
0.030013561248779297,0.26443982285599044,0.17184883079813296,-2.7370643285779663,1.6938648198851909,-0.7461920982675115,-1.6493039365915119,-0.6069256166920166,-0.11034194186272171
0.03006720542907715,0.26596097578863503,0.17202553724103906,-2.73704961948785,1.6961847343149044,-0.7426768041314654,-1.6521249992771965,-0.5987117828421797,-0.1089361202855988
0.030120134353637695,0.26748399445692594,0.1721931335893196,-2.7370367375071503,1.6984814198903333,-0.7391966039881467,-1.6549166650042546,-0.5906279243021408,-0.10754624172505899
0.030173063278198242,0.26900885238557626,0.17235162337527274,-2.7370256379886895,1.7007551069637565,-0.7357511470767635,-1.657679250806748,-0.5826717411214714,-0.10617220669409234
0.030227184295654297,0.27053552346643484,0.1725010098510789,-2.7370162771975264,1.7030060237580482,-0.7323400861315355,-1.6604130702339062,-0.5748409728453164,-0.10481390878834258
0.030286550521850586,0.2720639819542312,0.17264129599762815,-2.7370086122936357,1.7052343963832155,-0.7289630773482472,-1.6631184333841313,-0.5671333988529864,-0.10347123603978534
0.030340194702148438,0.2735942024623168,0.17277248453311625,-2.7370026013147397,1.7074404488527077,-0.7256197803509011,-1.6657956469390516,-0.5595468384744667,-0.10214407202784309
0.030396223068237305,0.27512615995840806,0.1728945779214148,-2.7369982031593194,1.709624403099512,-0.7223098581585125,-1.668445014197593,-0.5520791509267235,-0.1008322967888002
0.030450105667114258,0.2766598297603353,0.17300757838022016,-2.736995377569841,1.7117864789920514,-0.7190329771520769,-1.6710668351100442,-0.5447282351037442,-0.099535787558094
0.030503273010253906,0.27819518753180134,0.1731114878889865,-2.7369940851162124,1.7139268943498993,-0.7157888070417414,-1.6736614063120825,-0.5374920292496771,-0.09825441937422744
0.030556678771972656,0.279732209278153,0.17320630819664806,-2.7369942871794954,1.7160458649593244,-0.7125770208341968,-1.6762290211587423,-0.5303685105385453,-0.09698806556848208
0.030609607696533203,0.28127087134216894,0.17329204082913532,-2.736995945935878,1.7181436045886798,-0.709397294800312,-1.6787699697582992,-0.5233556945809528,-0.09573659816072157
0.030663013458251953,0.2828111503998653,0.1733686870966904,-2.7369990243409217,1.7202203250036476,-0.7062493084430216,-1.6812845390060525,-0.5164516348739586,-0.09449988817814207
0.0307159423828125,0.2843530234563224,0.17343624810098604,-2.737003486114088,1.7222762359823518,-0.7031327444654787,-1.6837730126179848,-0.5096544222079458,-0.0932778059110939
0.030777931213378906,0.28589646784153333,0.1734947247420534,-2.737009295723548,1.7243115453303481,-0.7000472887394802,-1.6862356711642825,-0.5029621840418382,-0.09207022111765457
0.030832290649414062,0.2874414612062774,0.17354411772502307,-2.737016418371275,1.7263264588955034,-0.6969926302741707,-1.6886727921027007,-0.4963730838557525,-0.09087700318677687
0.03088545799255371,0.2889879815180188,0.17358442756668377,-2.737024819978428,1.7283211805827714,-0.6939684611850296,-1.6910846498117584,-0.4898853204887448,-0.08969802126796342
0.03093862533569336,0.2905360070568323,0.17361565460186357,-2.7370344671710125,1.7302959123688746,-0.6909744766631439,-1.6934715156237505,-0.4834971274680026,-0.08853314437418996
0.030991315841674805,0.2920855164113573,0.1736377989896378,-2.7370453272658284,1.732250854316899,-0.6880103749447677,-1.6958336578575643,-0.47720677233416003,-0.08738224146361213
0.031049013137817383,0.2936364884747812,0.1736508607193678,-2.737057368256695,1.73418620459081,-0.6850758572811702,-1.6981713418512903,-0.4710125559671033,-0.08624518150445427
0.031102657318115234,0.29518890244085244,0.17365483961657513,-2.737070558800953,1.736102159469893,-0.6821706279087709,-1.7004848299946158,-0.4649128119151933,-0.08512183352688717
0.031156301498413086,0.29674273779992544,0.17364973534865497,-2.7370848682062396,1.7379989133631286,-0.6792943940195625,-1.7027743817609942,-0.4589059057306233,-0.08401206666479115
0.031209945678710938,0.2982979743350367,0.1736355474304329,-2.737100266417526,1.7398766588235022,-0.6764468657318187,-1.7050402537395801,-0.45299023431302843,-0.08291575018984854
0.031262874603271484,0.2998545921180135,0.17361227522956899,-2.7371167240044247,1.7417355865622577,-0.6736277560610868,-1.7072826996669255,-0.44716422526244115,-0.08183275353994723
0.03131604194641113,0.30141257150561623,0.17357991797181285,-2.73713421214875,1.7435758854630954,-0.6708367808914623,-1.7095019704584264,-0.44142633624320876,-0.08076294634345124
0.031369686126708984,0.3029718931357137,0.17353847474611386,-2.7371527026323323,1.7453977425963187,-0.6680736589471428,-1.7116983142395192,-0.4357750543595357,-0.07970619844057272
0.03142261505126953,0.30453253792349333,0.17348794450958951,-2.737172167825083,1.7472013432329332,-0.6653381117642609,-1.7138719763766175,-0.43020889554315767,-0.07866237990273661
0.0314786434173584,0.30609448705770553,0.1734283260923562,-2.7371925806732986,1.7489868708586997,-0.6626298636629909,-1.7160231995077868,-0.42472640395360983,-0.07763136105085128
0.03153228759765625,0.3076577219969435,0.1733596182022253,-2.737213914688206,1.7507545071881445,-0.6599486417199284,-1.718152223573154,-0.419326151391441,-0.0766130124728366
0.03158450126647949,0.30922222446595826,0.17328181942926849,-2.737236143934738,1.7525044321785264,-0.6572941757407401,-1.7202592858450454,-0.41400673672427546,-0.07560720504103378
0.031636714935302734,0.3107879764520095,0.17319492825025504,-2.737259243020538,1.754236824043764,-0.6546661982330804,-1.7223446209578541,-0.40876678532573185,-0.07461380992970144
0.03168940544128418,0.31235496020125264,0.1730989430329651,-2.7372831870851866,1.7559518592683245,-0.6520644443797724,-1.7244084609376307,-0.40360494852722073,-0.07363269863276183
0.031742095947265625,0.31392315821516203,0.17299386204038134,-2.737307951789649,1.757649712621072,-0.6494886520122511,-1.7264510352313973,-0.39851990308240137,-0.07266374298206807
0.03180336952209473,0.31549255324699094,0.17287968343476248,-2.737333513305931,1.7593305571690785,-0.6469385615842652,-1.7284725707361843,-0.3935103506440544,-0.07170681516612623
0.031856536865234375,0.31706312829826805,0.1727564052816018,-2.7373598483069492,1.7609945642913976,-0.6444139161458351,-1.7304732918277852,-0.3885750172531251,-0.07076178774942449
0.03190970420837402,0.318634866615331,0.17262402555347328,-2.7373869339566,1.7626419036927983,-0.6419144613174654,-1.7324534203892317,-0.3837126528397846,-0.06982853369221212
0.03196263313293457,0.32020775168589705,0.17248254213376843,-2.737414747900031,1.7642727434174637,-0.6394399452646078,-1.7344131758389865,-0.37892203073607195,-0.06890692637087044
0.03201580047607422,0.3217817672356707,0.1723319528203266,-2.73744326825411,1.7658872498626477,-0.6369901186723725,-1.7363527751588548,-0.37420194719983657,-0.06799683959869289
0.03206920623779297,0.3233568972249888,0.1721722553289614,-2.737472473598079,1.767485587792296,-0.6345647347204864,-1.7382724329216137,-0.36955122094988824,-0.0670981476470051
0.03212261199951172,0.3249331258455028,0.17200344729688619,-2.737502342964401,1.7690679203506254,-0.6321635490584933,-1.740172361318359,-0.3649686927116757,-0.06621072526669082
0.03217577934265137,0.3265104375168986,0.17182552628604073,-2.7375328558297873,1.7706344090756634,-0.6297863197811968,-1.7420527701855708,-0.36045322477352043,-0.06533444770985646
0.032228946685791016,0.32808881688365343,0.17163848978632215,-2.7375639921064034,1.7721852139127463,-0.6274328074043408,-1.7439138670318977,-0.3560037005529861,-0.0644691907516005
0.03228163719177246,0.32966824881183027,0.1714423352187223,-2.737595732133251,1.7737204932279755,-0.6251027748405263,-1.745755857064661,-0.3516190241729767,-0.06361483071196393
0.03233480453491211,0.3312487183859099,0.1712370599383739,-2.7376280566677216,1.7752404038216305,-0.6227959873753622,-1.747578943216079,-0.34729812004747584,-0.06277124447770804
0.03238797187805176,0.3328302109056598,0.1710226612375083,-2.737660946877317,1.7767451009415365,-0.620512212643848,-1.7493833261692133,-0.3430399324765024,-0.061938309524061964
0.032440900802612305,0.33441271188304045,0.1707991363483265,-2.7376943843315353,1.778234738296387,-0.6182512206069857,-1.7511692043836369,-0.3388434252501205,-0.061115903936250146
0.03249812126159668,0.3359962070391491,0.17056648244578615,-2.7377283509939176,1.7797094680690202,-0.6160127835286182,-1.7529367741208268,-0.33470758126104544,-0.06030390643074442
0.03255486488342285,0.33758068230120025,0.1703246966503067,-2.737762829214251,1.781169440929646,-0.613796675952494,-1.7546862294692822,-0.3306314021259221,-0.05950219637621147
0.0326085090637207,0.3391661237995432,0.17007377603039453,-2.7377978017209275,1.782614806049024,-0.6116026746795534,-1.7564177623693686,-0.3266139078146591,-0.058710653814054575
0.03266143798828125,0.3407525178647166,0.1698137176051905,-2.737833251613453,1.7840457111115913,-0.6094305587454363,-1.758131562637892,-0.3226541362878934,-0.05792915947851898
0.03271603584289551,0.3423398510245396,0.16954451834694187,-2.7378691623551052,1.7854623023285372,-0.6072801093982079,-1.7598278179924007,-0.3187511431421465,-0.05715759481626627
0.03277325630187988,0.3439281100012394,0.1692661751834002,-2.737905517765735,1.786864724450825,-0.6051511100763016,-1.7615067140752223,-0.31490400126266377,-0.05639584200544313
0.03282785415649414,0.3455172817086155,0.16897868500014795,-2.7379423020147113,1.7882531207821584,-0.6030433463866764,-1.7631684344772316,-0.31111180048351705,-0.05564378397414977
0.03288102149963379,0.34710735324923997,0.1686820446428548,-2.737979499614003,1.7896276331918928,-0.6009566060831861,-1.7648131607613555,-0.30737364725489535,-0.05490130441831644
0.03293466567993164,0.34869831191169376,0.16837625091946626,-2.7380170954114003,1.790988402127888,-0.5988906790451599,-1.7664410724858157,-0.30368866431744046,-0.05416828781887817
0.03298759460449219,0.35029014516783874,0.16806130060232582,-2.7380550745838654,1.792335566629302,-0.5968453572561916,-1.7680523472271106,-0.30005599038325914,-0.05344461945833899
0.03304123878479004,0.3518828406701256,0.16773719043023283,-2.7380934226310187,1.7936692643393257,-0.5948204347831348,-1.7696471606027389,-0.2964747798236897,-0.05273018543662256
0.03309369087219238,0.3534763862489368,0.16740391711043745,-2.7381321253687485,1.794989631517855,-0.592815707755304,-1.7712256862936673,-0.29294420236345653,-0.05202487268617868
0.03314661979675293,0.355070769909965,0.16706147732057466,-2.7381711689229493,1.796296803054101,-0.5908309743438773,-1.772788096066544,-0.2894634427811447,-0.0513285689864455
0.03319954872131348,0.356665979831626,0.16670986771053875,-2.7382105397233825,1.7975909124791354,-0.5888660347415015,-1.7743345597956606,-0.2860317006157967,-0.05064116297753892
0.033252716064453125,0.3582620043625068,0.16634908490429987,-2.738250224497656,1.7988720919783716,-0.5869206911420953,-1.7758652454846633,-0.28264818987960044,-0.04996254417316915
0.033309221267700195,0.35985883201884766,0.1659791255016644,-2.738290210265325,1.8001404724039793,-0.5849947477208512,-1.7773803192880184,-0.279312138776283,-0.04929260297292139
0.033362388610839844,0.3614564514820584,0.16559998607998047,-2.7383304843321055,1.801396183287231,-0.5830880106144317,-1.778879945532231,-0.27602278942538233,-0.048631230673713007
0.03341555595397949,0.36305485159626866,0.16521166319578998,-2.7383710342842043,1.8026393528507805,-0.58120028790136,-1.7803642867368217,-0.2727793975919649,-0.04797831948055902
0.03346872329711914,0.3646540213659116,0.1648141533864289,-2.7384118479827566,1.803870108020872,-0.5793313895826028,-1.7818335036350614,-0.2695812324219648,-0.04733376251657998
0.03352189064025879,0.36625394995334104,0.16440745317157712,-2.738452913558376,1.805088574439478,-0.5774811275623432,-1.78328775519447,-0.26642757618273544,-0.04669745383233339
0.03357982635498047,0.3678546266764815,0.1639915590547588,-2.73849421940581,1.8062948764763653,-0.5756493156289423,-1.7847271986370759,-0.2633177240088798,-0.04606928841437575
0.03363370895385742,0.36945604100651086,0.16356646752479526,-2.738535754178699,1.8074891372410897,-0.5738357694360878,-1.7861519894594442,-0.26025098365318083,-0.04544916219314975
0.03368687629699707,0.37105818256557555,0.16313217505721125,-2.7385775067844405,1.8086714785949158,-0.5720403064841276,-1.7875622814524725,-0.257226675242555,-0.04483697205021542
0.03374028205871582,0.3726610411245378,0.16268867811559587,-2.738619466379151,1.809842021162663,-0.5702627461015863,-1.7889582267209574,-0.2542441310388257,-0.04423261582473547
0.0337977409362793,0.3742646066007547,0.16223597315291952,-2.738661622362731,1.8110008843444763,-0.5685029094268649,-1.7903399757029332,-0.25130269520434795,-0.04363599231929939
0.03385162353515625,0.37586886905588873,0.16177405661280805,-2.73870396437402,1.8121481863275217,-0.5667606193901189,-1.791707677188788,-0.24840172357233253,-0.04304700130518104
0.0339045524597168,0.37747381869374924,0.1613029249307752,-2.738746482286052,1.813284044097604,-0.5650357006953164,-1.7930614783401562,-0.24554058342169638,-0.042465543526872505
0.033959150314331055,0.37907944585816516,0.16082257453541451,-2.738789166201402,1.8144085734507067,-0.5633279798024718,-1.7944015247085903,-0.24271865325645123,-0.04189152070603954
0.0340120792388916,0.3806857410308879,0.16033300184955193,-2.7388320064476237,1.815521889004456,-0.5616372849100559,-1.795727960254017,-0.23993532258944125,-0.04132483554483948
0.03406858444213867,0.3822926948295246,0.1598342032913599,-2.738874993572774,1.8166241042095037,-0.5599634459375783,-1.797040927362976,-0.23718999173049682,-0.04076539172869974
0.03412270545959473,0.38390029800550113,0.15932617527543427,-2.73891811834103,1.8177153313608325,-0.5583062945083427,-1.7983405668666463,-0.23448207157861586,-0.04021309392852294
0.0341799259185791,0.3855085414420547,0.1588089142138351,-2.738961371728387,1.8187956816089808,-0.5566656639323723,-1.799627018058662,-0.23181098341853162,-0.03966784780230025
0.03423333168029785,0.3871174161522558,0.15828241651709193,-2.739004744918444,1.8198652649711866,-0.5550413891895041,-1.8009004187127184,-0.22917615872112432,-0.03912955999622754
0.0342862606048584,0.3887269132770587,0.15774667859517494,-2.7390482292982683,1.8209241903424522,-0.5534333069126504,-1.8021609050999732,-0.2265770389478863,-0.0385981381452904
0.034339189529418945,0.3903370240833809,0.15720169685843277,-2.7390918164543447,1.8219725655065262,-0.551841255371226,-1.803408612006242,-0.22401307535929277,-0.038073490873388544
0.03439188003540039,0.3919477399622102,0.15664746771849794,-2.7391354981686007,1.8230104971468044,-0.5502650744547397,-1.804643672748993,-0.22148372882693507,-0.03755552779291041
0.03444480895996094,0.3935590524267406,0.15608398758916078,-2.7391792664145105,1.8240380908571496,-0.5487046056565482,-1.805866219194141,-0.21898846964944518,-0.03704415950390206
0.034497737884521484,0.39517095311053474,0.15551125288721268,-2.7392231133532756,1.825055451152628,-0.5471596920577712,-1.8070763817726452,-0.21652677737203072,-0.03653929759281487
0.03455066680908203,0.3967834337657142,0.15492926003325963,-2.73926703133008,1.8260626814801633,-0.5456301783113662,-1.80827428949691,-0.2140981406095922,-0.03604085463075531
0.0346066951751709,0.3983964862611763,0.15433800545250675,-2.7393110128704174,1.8270598842291088,-0.5441159106263614,-1.8094600699769938,-0.21170205687346194,-0.03554874417136425
0.034661054611206055,0.400010102580838,0.15373748557551484,-2.7393550506764903,1.828047160741736,-0.5426167367522456,-1.8106338494366268,-0.20933803240145826,-0.03506288074830657
0.0347142219543457,0.4016242748219055,0.15312769683892946,-2.739399137623682,1.8290246113236392,-0.541132505963512,-1.811795752729039,-0.20700558199133487,-0.034583179872411524
0.03477120399475098,0.40323899519316975,0.15250863568618353,-2.7394432667570925,1.8299923352540597,-0.5396630690443575,-1.812945903352602,-0.2047042288376936,-0.03410955802836074
0.03482794761657715,0.40485425601332803,0.15188029856817403,-2.739487431288148,1.8309504307961222,-0.5382082782735323,-1.8140844234662872,-0.2024335043719101,-0.033641932671166504
0.034881591796875,0.40647004970933015,0.15124268194391377,-2.7395316245912698,1.831898995206992,-0.5367679874093426,-1.8152114339049388,-0.2001929481054817,-0.033180222222203626
0.03493475914001465,0.40808636881475,0.1505957822811586,-2.739575840200615,1.832838124747946,-0.5353420516748002,-1.8163270541943686,-0.19798210747625622,-0.03272434606502313
0.034987449645996094,0.40970320596818166,0.14993959605701113,-2.739620071806877,1.8337679146943613,-0.533930327742922,-1.8174314025662721,-0.19580053769791267,-0.03227422454079562
0.03504014015197754,0.4113205539116593,0.1492741197585012,-2.739664313254146,1.83468845934562,-0.5325326737221752,-1.8185245959729672,-0.1936478016123472,-0.03182977894355171
0.035093069076538086,0.41293840548910177,0.14859934988314427,-2.7397085585368375,1.8355998520349304,-0.5311489491420672,-1.8196067501019593,-0.19152346954505226,-0.03139093151504363
0.03514599800109863,0.4145567536447803,0.14791528293947798,-2.7397528017966746,1.8365021851390646,-0.529779014938881,-1.8206779793903338,-0.1894271191632407,-0.030957605439481686
0.03519892692565918,0.41617559142180954,0.14722191544757754,-2.739797037319732,1.837395550088013,-0.5284227334415508,-1.8217383970389784,-0.1873583353369647,-0.030529724837969757
0.03525185585021973,0.4177949119606619,0.1465192439395508,-2.7398412595335366,1.8382800373745563,-0.5270799683576801,-1.8227881150266367,-0.18531671000293293,-0.030107214762663394
0.03530430793762207,0.4194147084977041,0.14580726496001328,-2.7398854630042253,1.8391557365637519,-0.5257505847596993,-1.8238272441237957,-0.1833018420309768,-0.029690001190828184
0.03535723686218262,0.42103497436375675,0.14508597506654403,-2.739929642433757,1.8400227363023407,-0.524434449071161,-1.8248558939064088,-0.18131333709328967,-0.029278011018616518
0.03541088104248047,0.4226557029826752,0.14435537083012254,-2.73997379265718,1.8408811243280687,-0.5231314290531732,-1.8258741727694554,-0.1793508075361822,-0.02887117205467443
0.03546404838562012,0.42427688786995266,0.1436154488355476,-2.7400179086399516,1.8417309874789263,-0.5218413937909674,-1.8268821879403416,-0.17741387225444252,-0.02846941301358862
0.03551745414733887,0.42589852263134487,0.1428662056818385,-2.7400619854753123,1.8425724117023061,-0.5205642136806015,-1.8278800454921396,-0.17550215656813237,-0.028072663509159275
0.03557300567626953,0.42752060096151534,0.14210763798261883,-2.740106018381707,1.8434054820640782,-0.5192997604157957,-1.8288678503566727,-0.17361529210190085,-0.02768085404750635
0.03562760353088379,0.4291431166427021,0.1413397423664839,-2.74015000270026,1.844230282757583,-0.5180479069749004,-1.8298457063374434,-0.17175291666675832,-0.02729391602003546
0.035684823989868164,0.4307660635434045,0.14056251547735174,-2.740193933892296,1.845046897112543,-0.5168085276079943,-1.830813716122409,-0.16991467414401956,-0.026911781696278652
0.03573870658874512,0.4323894356170906,0.13977595397479858,-2.740237807536914,1.8458554076038942,-0.5155814978241119,-1.8317719812966053,-0.16810021437171446,-0.026534384216645533
0.035797119140625,0.4340132269009242,0.138980054534379,-2.740281619328602,1.8466558958605332,-0.5143666943785987,-1.832720602354622,-0.1663091930332131,-0.026161657584994315
0.03585076332092285,0.43563743151451195,0.13817481384793126,-2.740325365074904,1.8474484426739881,-0.5131639952605942,-1.8336596787129278,-0.16454127154812587,-0.02579353666110306
0.0359036922454834,0.4372620436586696,0.1373602286238684,-2.7403690406941275,1.8482331280070055,-0.5119732796806388,-1.8345893087220515,-0.1627961169652265,-0.025429957153152792
0.03595709800720215,0.43888705761420727,0.13653629558745525,-2.7404126422131,1.849010031002059,-0.5107944280584064,-1.8355095896786178,-0.16107340185760205,-0.025070855609966216
0.0360107421875,0.4405124677407338,0.1357030114810721,-2.7404561657649653,1.8497792299897782,-0.5096273220105593,-1.8364206178372404,-0.1593728042200087,-0.024716169413281135
0.03606462478637695,0.44213826847547966,0.1348603730644652,-2.740499607587024,1.8505408024972978,-0.5084718443387254,-1.8373224884222745,-0.15769400736800687,-0.024365836769916462
0.03611898422241211,0.4437644543321376,0.13400837711498437,-2.7405429640186174,1.851294825256528,-0.5073278790175957,-1.8382152956394298,-0.15603669983931018,-0.024019796703846914
0.03617262840270996,0.44539101989972235,0.1331470204278087,-2.7405862314990497,1.852041374212347,-0.5061953111831415,-1.8390991326872455,-0.15440057529701628,-0.023677989048294625
0.036226511001586914,0.44701795984144693,0.13227629981615988,-2.740629406565553,1.8527805245307145,-0.5050740271209502,-1.8399740917684297,-0.15278533243476572,-0.023340354437686322
0.036279916763305664,0.44864526889361717,0.13139621211150407,-2.7406724858512894,1.8535123506067088,-0.5039639142546775,-1.8408402641010655,-0.1511906748838378,-0.023006834299608783
0.036333560943603516,0.45027294186454325,0.13050675416374266,-2.7407154660833943,1.8542369260724858,-0.5028648611346164,-1.8416977399296817,-0.14961631112200058,-0.022677370846766024
0.03639078140258789,0.45190097363346815,0.129607922841392,-2.7407583440810557,1.854954323805161,-0.501776757426381,-1.8425466085361952,-0.14806195438422567,-0.022351907068817234
0.03644442558288574,0.4535293591495128,0.12869971503175257,-2.740801116753632,1.855664615934616,-0.5006994938997031,-1.843386958250722,-0.14652732257516662,-0.02203038672427729
0.03649783134460449,0.4551580934306378,0.1277821276410679,-2.740843781098805,1.8563678738512297,-0.49963296241734306,-1.8442188764622616,-0.14501213818342032,-0.021712754332337807
0.03655123710632324,0.45678717156262116,0.12685515759467364,-2.7408863342007708,1.8570641682135325,-0.49857705592411017,-1.8450424496292532,-0.14351612819738252,-0.02139895516473212
0.036604881286621094,0.4584165886980522,0.12591880183713702,-2.7409287732284624,1.8577535689557867,-0.4975316684359952,-1.8458577632900088,-0.14203902402287857,-0.021088935237514057
0.036658525466918945,0.4600463400553409,0.12497305733238684,-2.7409710954338107,1.8584361452954927,-0.4964966950294114,-1.8466649020730217,-0.14058056140233507,-0.020782641302919548
0.03671526908874512,0.4616764209177431,0.12401792106383458,-2.741013298150036,1.8591119657408208,-0.4954720318305435,-1.8474639497071537,-0.13914048033565762,-0.020480020841154703
0.036772966384887695,0.4633068266324004,0.12305339003448675,-2.741055378789974,1.8597810980979699,-0.4944575760048046,-1.8482549890317013,-0.13771852500255083,-0.020181022052254027
0.03682732582092285,0.46493755260939573,0.12207946126704869,-2.741097334844434,1.860443609478453,-0.4934532257463986,-1.8490381020063438,-0.13631444368650028,-0.019885593847893866
0.0368807315826416,0.466568594320823,0.12109613180402025,-2.741139163880588,1.8610995663063112,-0.4924588802679878,-1.849813369720973,-0.13492798870016262,-0.019593685843261616
0.03693389892578125,0.46819994729987174,0.1201033987077835,-2.741180863540394,1.8617490343252545,-0.49147443979046446,-1.8505808724054076,-0.13355891631227665,-0.019305248348926673
0.0369870662689209,0.469831607139926,0.11910125906068271,-2.741222431539044,1.8623920786057326,-0.4904998055328255,-1.8513406894389912,-0.13220698667594566,-0.0190202323627367
0.03704047203063965,0.4714635694936772,0.11808970996509698,-2.74126386566345,1.8630287635519343,-0.48953487970214904,-1.8520928993600798,-0.13087196375847918,-0.018738589561709686
0.0370938777923584,0.47309583007225087,0.11706874854350557,-2.7413051637707504,1.8636591529087163,-0.48857956548367154,-1.852837579875415,-0.12955361527247075,-0.018460272294004668
0.037160634994506836,0.4747283846443472,0.11603837193854633,-2.741346323786853,1.864283309768463,-0.48763376703096545,-1.8535748078693879,-0.12825171260834206,-0.018185233570884782
0.03721451759338379,0.4763612290353949,0.11499857731306733,-2.741387343705001,1.8649012965778764,-0.48669738945621527,-1.854304659413193,-0.1269660307681017,-0.017913427058752256
0.037268877029418945,0.4779943591267183,0.113949361850172,-2.7414282215843695,1.8655131751446985,-0.48577033882059184,-1.8550272097738747,-0.12569634830053045,-0.01764480707114867
0.0373227596282959,0.4796277708547175,0.11289072275325801,-2.741468955548688,1.8661190066443636,-0.48485252212472335,-1.8557425334232678,-0.12444244723754999,-0.017379328560916767
0.03737640380859375,0.48126146021006133,0.1118226572460499,-2.7415095437848893,1.8667188516265851,-0.4839438472992626,-1.8564507040468312,-0.12320411303187685,-0.017116947112241328
0.037430524826049805,0.48289542323689316,0.11074516257262594,-2.7415499845417854,1.8673127700218743,-0.4830442231955489,-1.8571517945523794,-0.12198113449591332,-0.016857618932911562
0.037483930587768555,0.4845296560320485,0.10965823599743932,-2.7415902761287683,1.8679008211479922,-0.4821535595763645,-1.8578458770787096,-0.12077330374177128,-0.016601300846491383
0.0375370979309082,0.4861641547442856,0.10856187480533364,-2.7416304169145365,1.8684830637163363,-0.48127176710678393,-1.8585330230041293,-0.11958041612252823,-0.016347950284602085
0.03759050369262695,0.4877989155735275,0.10745607630155328,-2.7416704053258445,1.8690595558382619,-0.4803987573451153,-1.8592133029548814,-0.11840227017469564,-0.01609752527924987
0.03764748573303223,0.4894339347701163,0.10634083781174852,-2.7417102398462787,1.8696303550313378,-0.47953444273393325,-1.859886786813473,-0.11723866756163806,-0.015849984455188888
0.03770136833190918,0.49106920863407877,0.10521615668197569,-2.741749919015055,1.8701955182255388,-0.4786787365912022,-1.8605535437269034,-0.1160894130182714,-0.015605287022365416
0.03775453567504883,0.4927047335144037,0.10408203027869255,-2.7417894414258415,1.8707551017693733,-0.4778315531014889,-1.8612136421147987,-0.11495431429669901,-0.015363392768385758
0.037815093994140625,0.4943405058083302,0.10293845598874905,-2.7418288057256017,1.8713091614359492,-0.47699280730726346,-1.8618671496774482,-0.1138331821129851,-0.015124262051086418
0.03786921501159668,0.4959765219606478,0.1017854312193736,-2.741868010613462,1.8718577524289748,-0.47616241510028845,-1.8625141334037487,-0.1127258300950173,-0.014887855791071323
0.03792738914489746,0.4976127784630063,0.10062295339815498,-2.7419070548395994,1.872400929388701,-0.47534029321309434,-1.8631546595790545,-0.1116320747312271,-0.014654135464454498
0.03798055648803711,0.49924927185323764,0.09945101997302021,-2.7419459372041524,1.8729387463977982,-0.4745263592105411,-1.863788793792936,-0.11055173532048726,-0.014423063095524106
0.03803396224975586,0.5008859987146875,0.09826962841220825,-2.741984656556151,1.8734712569871756,-0.47372053148146476,-1.8644166009468477,-0.109484633922794,-0.014194601249547708
0.03808760643005371,0.5025229556755579,0.09707877620423999,-2.74202321179247,1.8739985141417375,-0.47292272923040823,-1.8650381452617055,-0.10843059531107407,-0.01396871302561302
0.03814101219177246,0.5041601394082592,0.09587846085788437,-2.7420616018567983,1.8745205703060812,-0.47213287246943536,-1.865653490285377,-0.10738944692379784,-0.01374536204954435
0.03819465637207031,0.5057975466287732,0.09466867990212102,-2.742099825738633,1.8750374773901353,-0.4713508820100277,-1.8662626989000828,-0.10636101881863015,-0.013524512466846949
0.03824806213378906,0.5074351740960256,0.09344943088609935,-2.742137882472289,1.8755492867747383,-0.4705766794550628,-1.8668658333297128,-0.10534514362685746,-0.01330612893580735
0.038301706314086914,0.509073018611268,0.09222071137909436,-2.7421757711359303,1.8760560493171607,-0.46981018719087325,-1.8674629551470556,-0.10434165650873355,-0.013090176620547634
0.03835487365722656,0.5107110770174702,0.09098251897045927,-2.7422134908506175,1.8765578153565674,-0.469051328379386,-1.868054125280945,-0.10335039510976303,-0.01287662118422132
0.03840804100036621,0.5123493461987214,0.08973485126957494,-2.7422510407793768,1.877054634719424,-0.4683000269503409,-1.8686394040233225,-0.10237119951770761,-0.012665428782256615
0.03846096992492676,0.5139878230796409,0.08847770590579647,-2.7422884201262843,1.8775465567248468,-0.4675562075935874,-1.8692188510362178,-0.10140391222042974,-0.012456566055651225
0.03851461410522461,0.5156265046247976,0.08721108052839684,-2.7423256281355686,1.8780336301898963,-0.46681979575145927,-1.8697925253586476,-0.10044837806470874,-0.012250000124363157
0.038567543029785156,0.5172653878381396,0.08593497280650784,-2.7423626640907317,1.8785159034348144,-0.46609071761122584,-1.870360485413435,-0.0995044442156237,-0.012045698580738281
0.03862118721008301,0.5189044697624307,0.08464938042905844,-2.742399527313686,1.8789934242882076,-0.46536890009761955,-1.8709227890139488,-0.09857196011685378,-0.01184362948305544
0.03867769241333008,0.5205437474786978,0.08335430110471041,-2.742436217163908,1.8794662400921753,-0.46465427086543887,-1.8714794933707652,-0.09765077745165456,-0.011643761349078737
0.03873109817504883,0.5221832181056854,0.08204973256179181,-2.7424727330376086,1.8799343977073846,-0.4639467582922255,-1.872030655098252,-0.09674075010469584,-0.011446063149726508
0.03879570960998535,0.5238228787993188,0.08073567254822789,-2.74250907436692,1.88039794351809,-0.46324629147101554,-1.8725763302210754,-0.09584173412449777,-0.011250504302799917
0.03885245323181152,0.5254627267521763,0.0794121188314699,-2.742545240619095,1.8808569234371026,-0.46255280020316397,-1.8731165741806337,-0.09495358768665303,-0.011057054666732671
0.038906097412109375,0.5271027591929687,0.07807906919842171,-2.7425812312957287,1.8813113829107053,-0.4618662149912409,-1.8736514418414136,-0.09407617105772383,-0.010865684534525926
0.03895926475524902,0.528742973386027,0.0767365214553644,-2.7426170459319867,1.8817613669235158,-0.46118646703199995,-1.8741809874972755,-0.09320934655986136,-0.010676364627591861
0.039012908935546875,0.5303833666307988,0.07538447342787884,-2.7426526840958547,1.8822069200032996,-0.4605134882094171,-1.874705264877664,-0.09235297853603737,-0.010489066089833602
0.03906655311584473,0.532023936261351,0.07402292296076644,-2.7426881453873997,1.882648086225731,-0.4598472110878001,-1.8752243271537488,-0.09150693331596972,-0.010303760481646482
0.039119720458984375,0.5336646796458818,0.07265186791796813,-2.7427234294380463,1.8830849092191044,-0.45918756890496676,-1.875738226944492,-0.09067107918269585,-0.010120419774100688
0.039173126220703125,0.535305594186239,0.07127130618248148,-2.7427585359098656,1.883517432168995,-0.45853449556549264,-1.8762470163226477,-0.08984528633977376,-0.009939016343145904
0.03922629356384277,0.536946677317446,0.06988123565627638,-2.7427934644948815,1.8839456978228706,-0.4578879256340263,-1.8767507468206917,-0.0890294268790504,-0.009759522963853549
0.03927946090698242,0.5385879265072357,0.06848165426020902,-2.7428282149143848,1.884369748494655,-0.4572477943286722,-1.8772494694366815,-0.08822337474916339,-0.009581912804788406
0.03933310508728027,0.5402293392555906,0.06707255993393445,-2.7428627869182662,1.8847896260692423,-0.45661403751443985,-1.8777432346400513,-0.08742700572444588,-0.009406159422444514
0.03938627243041992,0.5418709130942905,0.06565395063581764,-2.7428971802843587,1.8852053720069626,-0.4559865916967597,-1.878232092377338,-0.0866401973746051,-0.00923223675565272
0.0394439697265625,0.5435126455864674,0.06422582434284332,-2.742931394817793,1.8856170273480026,-0.4553653940150636,-1.8787160920778423,-0.08586282903486586,-0.009060119120200057
0.039498090744018555,0.5451545343261666,0.06278817905052442,-2.742965430350368,1.8860246327167771,-0.4547503822364305,-1.8791952826592258,-0.08509478177664104,-0.008889781203426267
0.039551734924316406,0.5467965769379145,0.061341012772809345,-2.7429992867399293,1.886428228326255,-0.4541414947492957,-1.8796697125330413,-0.08433593837888317,-0.008721198058890116
0.039604902267456055,0.5484387710762941,0.05988432354198811,-2.7430329638697635,1.886827853982239,-0.453538670557224,-1.8801394296102016,-0.08358618329979613,-0.008554345101156172
0.039658546447753906,0.5500811144255254,0.05841810940859735,-2.7430664616480023,1.8872235490876,-0.45294184927274517,-1.8806044813063858,-0.0828454026492522,-0.008389198100547769
0.039711952209472656,0.5517236046990533,0.05694236844132433,-2.743099780007039,1.887615352646467,-0.4523509711112515,-1.8810649145473817,-0.0821134841615469,-0.008225733178093605
0.03976845741271973,0.5533662396391417,0.05545709872690993,-2.743132918902955,1.8880033032683716,-0.4517659768849573,-1.8815207757743688,-0.08139031716879976,-0.008063926800433328
0.03982257843017578,0.5550090170164728,0.05396229837005078,-2.74316587831496,1.8883874391723483,-0.45118680799691857,-1.8819721109491407,-0.08067579257477711,-0.007903755774891809
0.03987574577331543,0.5566519346297543,0.05245796549330047,-2.7431986582448395,1.8887677981909918,-0.45061340643511355,-1.8824189655592667,-0.07996980282919976,-0.007745197244471395
0.0399317741394043,0.5582949903053306,0.050944098236969985,-2.7432312587164165,1.8891444177744714,-0.45004571476658234,-1.8828613846231952,-0.07927224190254371,-0.007588228683057664
0.03998589515686035,0.5599381818968013,0.049420694759027335,-2.743263679775021,1.8895173349945016,-0.449483676131626,-1.883299412695299,-0.07858300526134905,-0.0074328278906023535
0.0400395393371582,0.5615815072846452,0.04788775323499653,-2.743295921486972,1.8898865865482708,-0.44892723423806374,-1.8837330938708632,-0.07790198984385331,-0.007278972988383227
0.04009366035461426,0.5632249643758489,0.04634527185785584,-2.7433279839390674,1.890252208762329,-0.44837633335554805,-1.8841624717910148,-0.07722909403620654,-0.007126642414357377
0.040146827697753906,0.564868551103543,0.044793248837935486,-2.743359867238086,1.8906142375964328,-0.4478309183099372,-1.8845875896475983,-0.07656421764905731,-0.006975814918551311
0.04020071029663086,0.566512265426642,0.04323168240281467,-2.7433915715102972,1.8909727086473502,-0.4472909344777241,-1.885008490187994,-0.07590726189459653,-0.006826469558493734
0.040257930755615234,0.5681561053294908,0.041660570797218195,-2.743423096900982,1.8913276571526254,-0.44675632778052166,-1.8854252157198825,-0.07525812936393123,-0.006678585694773897
0.040313005447387695,0.5698000688215159,0.04007991228291248,-2.743454443573962,1.8916791179943013,-0.4462270446796032,-1.8858378081159548,-0.0746167240050194,-0.006532142986568658
0.04036736488342285,0.5714441539368821,0.03848970513860122,-2.7434856117111384,1.8920271257026056,-0.44570303217049834,-1.886246308818569,-0.0739829511009093,-0.006387121387333583
0.0404210090637207,0.5730883587341542,0.036889947659820566,-2.7435166015120394,1.8923717144595942,-0.4451842377776428,-1.8866507588443542,-0.07335671724840835,-0.00624350114043316
0.040482282638549805,0.574735405184173,0.03527144317853518,-2.744608306857959,1.8934794472964762,-0.44467968191232093,-1.887717028077495,2.116910779035567,-19.637856
